Date,RCLC1,RCLC2,RCLC3,RCLC4
1983-03-18,,,29.3,
1983-04-01,,,29.3,
1983-04-08,29.92,,29.6,
1983-04-15,30.61,,30.45,
1983-04-22,30.73,,30.65,
1983-04-29,30.74,,30.7,
1983-05-06,30.44,,30.25,
1983-05-13,29.98,,29.52,
1983-05-20,30.01,,29.84,
1983-05-27,30.21,,30.09,
1983-06-03,30.34,,30.16,
1983-06-10,30.56,,30.37,
1983-06-17,31.26,,30.98,
1983-06-24,31.17,,31.06,
1983-07-01,31.27,,31.11,
1983-07-08,31.32,,31.15,
1983-07-15,31.76,,31.59,
1983-07-22,31.59,,31.54,
1983-07-29,31.7,,31.62,
1983-08-05,32.16,,32.08,
1983-08-12,32.01,,31.96,
1983-08-19,31.84,,31.83,
1983-08-26,31.66,,31.63,
1983-09-02,31.62,,31.53,
1983-09-09,31.32,,31.15,
1983-09-16,31.36,,31.25,
1983-09-23,31.35,,31.25,
1983-09-30,30.81,,30.76,
1983-10-07,30.19,,30.01,
1983-10-14,30.63,,30.44,
1983-10-21,30.45,,30.23,
1983-10-28,30.33,,30.11,
1983-11-04,30.4,,30.21,
1983-11-11,30.31,,29.99,
1983-11-18,29.68,,29.09,
1983-11-25,29.12,,28.81,
1983-12-02,29.39,,29.02,
1983-12-09,29.25,,28.68,
1983-12-16,29.09,,28.46,
1983-12-23,28.91,,28.53,
1983-12-30,29.77,,29.28,
1984-01-06,29.35,,28.7,
1984-01-13,29.5,,29.06,
1984-01-20,29.76,,29.59,
1984-01-27,29.82,,29.43,
1984-02-03,30.09,,29.67,
1984-02-10,29.98,,29.59,
1984-02-17,29.8,,29.37,
1984-02-24,29.9,,29.58,
1984-03-02,30.64,,30.37,
1984-03-09,30.81,,30.57,
1984-03-16,30.83,,30.45,
1984-03-23,30.52,,30.34,
1984-03-30,30.73,,30.54,
1984-04-06,30.8,,30.55,
1984-04-13,30.74,,30.56,
1984-04-20,30.59,,30.46,
1984-04-27,30.53,,30.4,
1984-05-04,30.23,,30.17,
1984-05-11,30.28,,30.32,
1984-05-18,30.73,,30.97,
1984-05-25,30.77,,30.9,
1984-06-01,30.76,,30.85,
1984-06-08,30.56,,30.68,
1984-06-15,30.13,,30.24,
1984-06-22,29.6,,29.79,
1984-06-29,29.49,,29.85,
1984-07-06,29.58,,29.92,
1984-07-13,29.25,,29.69,
1984-07-20,28.77,,29.1,
1984-07-27,27.99,,28.24,
1984-08-03,28.24,,28.63,
1984-08-10,29.25,,29.57,
1984-08-17,29.12,,29.51,
1984-08-24,29.74,,30.04,
1984-08-31,29.6,,29.97,
1984-09-07,29.11,,29.53,
1984-09-14,29.37,,29.75,
1984-09-21,29.42,,29.65,
1984-09-28,29.56,,29.76,
1984-10-05,29.54,,29.72,
1984-10-12,29.3,,29.45,
1984-10-19,28.11,,28.14,
1984-10-26,28.51,,28.25,
1984-11-02,28.5,,28.19,
1984-11-09,28.64,,28.34,
1984-11-16,28.33,,27.95,
1984-11-23,27.81,,27.51,
1984-11-30,27.32,,27.07,
1984-12-07,27.53,,27.29,
1984-12-14,26.89,,26.88,
1984-12-21,26.56,,26.41,
1984-12-28,26.51,,26.26,
1985-01-04,25.65,25.6,25.51,25.47
1985-01-11,25.6,25.63,25.56,25.52
1985-01-18,25.8,25.85,25.72,25.65
1985-01-25,25.49,25.3,25.15,25.07
1985-02-01,25.89,25.53,25.35,25.24
1985-02-08,27.03,26.58,26.18,26.01
1985-02-15,27.76,27.09,26.49,26.22
1985-02-22,27.09,26.58,26.31,26.11
1985-03-01,26.77,26.27,25.97,25.73
1985-03-08,27.78,27.23,26.97,26.74
1985-03-15,28.01,27.38,26.98,26.75
1985-03-22,28.64,27.96,27.5,27.23
1985-03-29,28.25,27.76,27.54,27.37
1985-04-05,28.82,28.31,28.09,27.91
1985-04-12,29,28.4,28.19,28.07
1985-04-19,29.09,28.33,27.66,27.4
1985-04-26,28.37,27.64,27.29,27.08
1985-05-03,27.45,26.86,26.7,26.61
1985-05-10,27.33,26.74,26.48,26.43
1985-05-17,27.75,27.03,26.61,26.48
1985-05-24,27.66,27.06,26.68,26.52
1985-05-31,27.74,27.31,27.03,26.85
1985-06-07,27.19,26.47,26.15,26
1985-06-14,27.09,26.2,25.74,25.54
1985-06-21,27.17,26.39,25.81,25.43
1985-06-28,26.91,26.35,25.97,25.69
1985-07-05,26.84,26.21,25.8,25.5
1985-07-12,27.29,26.62,26.11,25.71
1985-07-19,27.41,26.56,25.92,25.52
1985-07-26,27.36,26.71,26.2,25.87
1985-08-02,27.26,26.68,26.25,25.97
1985-08-09,27.31,26.75,26.42,26.16
1985-08-16,27.8,27.32,27.02,26.81
1985-08-23,27.98,27.56,27.22,26.96
1985-08-30,28.06,27.7,27.41,27.18
1985-09-06,28.07,27.59,27.22,26.94
1985-09-13,27.89,27.22,26.72,26.33
1985-09-20,28.2,27.55,27.04,26.59
1985-09-27,28.51,27.97,27.28,27.09
1985-10-04,29.14,28.63,28.11,27.66
1985-10-11,28.96,28.26,27.63,27.13
1985-10-18,29.37,28.69,28.03,27.52
1985-10-25,29.76,28.73,28,27.43
1985-11-01,30.26,29.31,28.54,27.89
1985-11-08,30.27,29.24,28.48,27.83
1985-11-15,30.97,29.95,29.13,28.4
1985-11-22,31.14,30.16,29.32,28.57
1985-11-29,30.5,29.7,28.95,28.29
1985-12-06,29.01,28.34,27.64,27.07
1985-12-13,26.83,26.13,25.52,24.98
1985-12-20,26.41,25.38,24.62,24.1
1985-12-27,26.23,25.3,24.65,24.22
1986-01-03,26.12,25.13,24.35,23.79
1986-01-10,26.08,24.98,24.18,23.58
1986-01-17,24.57,23.33,22.58,22.19
1986-01-24,20.31,20.42,20.3,20.26
1986-01-31,19.83,19.78,19.86,19.92
1986-02-07,16.62,16.97,17.14,17.26
1986-02-14,16.31,16.36,16.41,16.45
1986-02-21,14.4,14.75,14.85,14.93
1986-02-28,14.29,14.54,14.73,14.92
1986-03-07,12.36,12.61,12.78,12.97
1986-03-14,13.07,13.45,13.65,13.8
1986-03-21,13.39,13.7,13.88,14.04
1986-03-28,11.96,12.4,12.52,12.67
1986-04-04,11.54,11.75,11.91,12.08
1986-04-11,13.38,13.22,13.21,13.28
1986-04-18,12.17,12.1,12.04,12.08
1986-04-25,13.07,12.74,12.57,12.56
1986-05-02,13.75,13.41,13.19,13.15
1986-05-09,15.09,14.61,14.32,14.19
1986-05-16,15.8,15.21,14.83,14.63
1986-05-23,15.75,15.21,14.84,14.62
1986-05-30,14.69,14.24,14.01,13.92
1986-06-06,13.35,13.07,13.02,13.04
1986-06-13,13.23,13.1,13.16,13.21
1986-06-20,13.9,13.08,12.97,12.99
1986-06-27,13.14,12.97,12.95,13
1986-07-04,12.38,12.29,12.31,12.41
1986-07-11,11.11,10.92,11.05,11.23
1986-07-18,12.2,11.51,11.42,11.49
1986-07-25,11.39,11.21,11.26,11.42
1986-08-01,11.38,11.27,11.39,11.53
1986-08-08,14.69,14.13,14.12,14.17
1986-08-15,15.36,15.32,15.25,15.19
1986-08-22,15.34,15.47,15.45,15.43
1986-08-29,15.77,15.76,15.74,15.66
1986-09-05,16.29,16.35,16.28,16.13
1986-09-12,15.16,15.19,15.13,14.99
1986-09-19,14.27,14.43,14.45,14.36
1986-09-26,14.34,14.52,14.49,14.4
1986-10-03,15.01,15.22,15.16,15.12
1986-10-10,15.13,15.4,15.48,15.51
1986-10-17,14.63,14.86,14.9,14.89
1986-10-24,15.12,15.43,15.55,15.56
1986-10-31,14.52,14.61,14.7,14.69
1986-11-07,14.98,15.21,15.3,15.32
1986-11-14,15.45,15.59,15.58,15.54
1986-11-21,15.43,15.54,15.53,15.46
1986-11-28,14.98,15.08,15.09,15.07
1986-12-05,15.19,15.32,15.32,15.29
1986-12-12,15.35,15.49,15.51,15.5
1986-12-19,16.12,16.37,16.51,16.54
1986-12-26,17.13,17.26,17.24,17.19
1987-01-02,17.84,17.92,17.87,17.79
1987-01-09,18.35,18.32,18.16,17.97
1987-01-16,19.05,18.85,18.57,18.28
1987-01-23,18.75,18.65,18.43,18.19
1987-01-30,18.62,18.48,18.3,18.09
1987-02-06,18.44,18.36,18.27,18.11
1987-02-13,18.14,18.04,17.97,17.83
1987-02-20,17.6,17.48,17.39,17.31
1987-02-27,16.72,16.64,16.56,16.52
1987-03-06,17.43,17.36,17.28,17.2
1987-03-13,18.25,18.09,17.9,17.7
1987-03-20,18.69,18.35,18.08,17.85
1987-03-27,18.54,18.25,18.03,17.89
1987-04-03,18.78,18.48,18.25,18.12
1987-04-10,18.57,18.22,17.96,17.83
1987-04-17,18.28,17.91,17.7,17.62
1987-04-24,18.67,18.25,17.98,17.83
1987-05-01,18.77,18.42,18.18,18.01
1987-05-08,19.12,18.8,18.6,18.47
1987-05-15,19.49,19.1,18.92,18.83
1987-05-22,19.48,19.07,18.86,18.76
1987-05-29,19.36,19.08,18.95,18.87
1987-06-05,19.74,19.38,19.21,19.13
1987-06-12,19.86,19.64,19.52,19.47
1987-06-19,20.38,19.88,19.65,19.54
1987-06-26,19.87,19.47,19.32,19.23
1987-07-03,20.43,20.18,20.1,20.07
1987-07-10,21.02,20.58,20.39,20.3
1987-07-17,21.97,21.31,20.99,20.85
1987-07-24,21.45,21.17,20.98,20.87
1987-07-31,21.2,20.87,20.71,20.58
1987-08-07,21.51,21.2,20.99,20.84
1987-08-14,20.81,20.55,20.42,20.33
1987-08-21,19.54,19.35,19.29,19.27
1987-08-28,19.15,18.99,18.97,18.97
1987-09-04,19.56,19.37,19.31,19.28
1987-09-11,19.35,19.17,19.1,19.07
1987-09-18,19.63,19.3,19.13,19.06
1987-09-25,19.55,19.41,19.29,19.24
1987-10-02,19.61,19.51,19.42,19.36
1987-10-09,19.64,19.54,19.44,19.36
1987-10-16,19.82,19.73,19.64,19.57
1987-10-23,20.02,19.99,19.94,19.88
1987-10-30,20.02,19.87,19.73,19.63
1987-11-06,19.19,19.09,19.01,18.94
1987-11-13,18.86,18.78,18.7,18.65
1987-11-20,18.64,18.51,18.45,18.42
1987-11-27,18.7,18.6,18.56,18.5
1987-12-04,18.63,18.41,18.32,18.26
1987-12-11,18.34,18,17.85,17.79
1987-12-18,16.29,16.06,15.95,15.91
1987-12-25,16.23,16.14,16.06,16.02
1988-01-01,16.74,16.61,16.51,16.44
1988-01-08,17.61,17.41,17.28,17.16
1988-01-15,16.83,16.66,16.54,16.45
1988-01-22,17.22,17.18,17.06,16.96
1988-01-29,16.95,16.87,16.76,16.66
1988-02-05,17.06,16.98,16.89,16.79
1988-02-12,17.21,17.17,17.11,17.01
1988-02-19,16.61,16.58,16.51,16.43
1988-02-26,16.28,16.17,16.1,16.02
1988-03-04,15.7,15.62,15.58,15.54
1988-03-11,15.72,15.67,15.64,15.61
1988-03-18,16.03,15.86,15.79,15.74
1988-03-25,16.69,16.64,16.55,16.49
1988-04-01,17.06,16.95,16.88,16.82
1988-04-08,16.91,16.8,16.73,16.66
1988-04-15,18.15,18.03,17.92,17.82
1988-04-22,18.19,18.23,18.15,18.07
1988-04-29,18.25,18.2,18.13,18.07
1988-05-06,17.37,17.41,17.41,17.39
1988-05-13,17.49,17.63,17.68,17.68
1988-05-20,17.49,17.76,17.87,17.91
1988-05-27,17.42,17.61,17.73,17.8
1988-06-03,17.56,17.74,17.81,17.84
1988-06-10,17.15,17.23,17.24,17.26
1988-06-17,16.58,16.69,16.74,16.79
1988-06-24,16.14,16.42,16.57,16.68
1988-07-01,15.43,15.63,15.79,15.91
1988-07-08,15.44,15.62,15.76,15.89
1988-07-15,14.71,14.86,14.98,15.12
1988-07-22,15.87,16.12,16.23,16.31
1988-07-29,16.13,16.21,16.3,16.39
1988-08-05,15.45,15.58,15.7,15.83
1988-08-12,15.71,15.88,16,16.14
1988-08-19,15.57,15.75,15.86,16
1988-08-26,15.56,15.62,15.7,15.73
1988-09-02,15.11,15.13,15.18,15.21
1988-09-09,14.27,14.24,14.27,14.32
1988-09-16,14.78,14.59,14.53,14.52
1988-09-23,14.63,14.29,14.2,14.17
1988-09-30,13.95,13.65,13.57,13.56
1988-10-07,12.87,12.62,12.59,12.65
1988-10-14,14.08,13.69,13.56,13.52
1988-10-21,14.84,14.47,14.31,14.27
1988-10-28,13.47,13.53,13.56,13.63
1988-11-04,13.74,13.64,13.63,13.68
1988-11-11,13.93,13.87,13.86,13.9
1988-11-18,13.75,13.45,13.33,13.34
1988-11-25,13.6,13.48,13.44,13.44
1988-12-02,15.3,15.12,15.06,15.04
1988-12-09,15.56,15.28,15.18,15.12
1988-12-16,16.3,15.78,15.52,15.38
1988-12-23,16.69,16.03,15.72,15.59
1988-12-30,16.98,16.48,16.14,15.95
1989-01-06,17.35,16.8,16.45,16.25
1989-01-13,18.04,17.33,16.91,16.66
1989-01-20,19.05,18.37,17.87,17.57
1989-01-27,17.69,17.2,16.96,16.78
1989-02-03,17.42,17,16.78,16.57
1989-02-10,17.41,16.92,16.63,16.38
1989-02-17,18.03,17.32,16.9,16.62
1989-02-24,18.08,17.5,17.16,16.92
1989-03-03,18.37,17.83,17.48,17.21
1989-03-10,18.51,18.03,17.7,17.44
1989-03-17,19.65,19.07,18.59,18.23
1989-03-24,19.94,19.47,19.04,18.69
1989-03-31,20.33,19.72,19.28,18.87
1989-04-07,20.04,19.25,18.69,18.23
1989-04-14,20.57,19.69,19.02,18.51
1989-04-21,22.26,20.58,19.7,19.09
1989-04-28,20.91,19.49,18.74,18.25
1989-05-05,20.23,19.18,18.59,18.25
1989-05-12,19.77,18.68,18.14,17.81
1989-05-19,20.43,18.88,18.21,17.81
1989-05-26,19.73,18.58,18.1,17.82
1989-06-02,19.95,19.04,18.55,18.22
1989-06-09,20.11,19.29,18.87,18.55
1989-06-16,19.87,18.53,17.83,17.5
1989-06-23,19.74,18.76,18.13,17.77
1989-06-30,20.26,19.45,18.91,18.55
1989-07-07,20.61,19.61,19,18.6
1989-07-14,20.34,19.5,18.97,18.6
1989-07-21,20.01,19.61,19.21,18.95
1989-07-28,18.33,18.17,18.11,18.09
1989-08-04,18.17,17.96,17.91,17.86
1989-08-11,18.26,17.99,17.89,17.82
1989-08-18,18.74,18.36,18.15,18.04
1989-08-25,18.82,18.52,18.36,18.25
1989-09-01,18.76,18.57,18.47,18.36
1989-09-08,19.37,19.13,18.96,18.8
1989-09-15,19.8,19.44,19.23,19.01
1989-09-22,19.6,19.45,19.23,19.04
1989-09-29,19.71,19.56,19.41,19.28
1989-10-06,20.02,19.82,19.6,19.42
1989-10-13,20.36,20.16,19.89,19.68
1989-10-20,20.46,20.32,20.04,19.82
1989-10-27,19.65,19.5,19.37,19.26
1989-11-03,19.99,19.7,19.5,19.35
1989-11-10,19.95,19.74,19.59,19.46
1989-11-17,19.71,19.6,19.47,19.33
1989-11-24,19.9,19.75,19.57,19.41
1989-12-01,19.69,19.48,19.3,19.14
1989-12-08,20.41,20.23,20.06,19.88
1989-12-15,20.77,20.48,20.22,19.97
1989-12-22,21.71,21.05,20.62,20.29
1989-12-29,21.75,21.36,21.01,20.69
1990-01-05,23.27,22.49,22,21.56
1990-01-12,22.57,21.71,21.2,20.78
1990-01-19,22.73,21.63,21.02,20.56
1990-01-26,22.11,21.36,20.9,20.53
1990-02-02,22.73,21.98,21.58,21.23
1990-02-09,22.21,21.69,21.4,21.1
1990-02-16,22.25,22.06,21.9,21.69
1990-02-23,21.78,21.74,21.59,21.34
1990-03-02,21.49,21.54,21.52,21.37
1990-03-09,21,21.2,21.29,21.21
1990-03-16,20.19,20.43,20.57,20.57
1990-03-23,19.85,20.12,20.29,20.36
1990-03-30,20.27,20.5,20.59,20.57
1990-04-06,19.83,20.19,20.44,20.58
1990-04-13,17.99,18.63,19.07,19.42
1990-04-20,17.65,18.57,19.16,19.48
1990-04-27,18.75,19.29,19.58,19.8
1990-05-04,18.4,19.05,19.49,19.81
1990-05-11,18.7,19.2,19.5,19.73
1990-05-18,19.19,19.68,19.92,20.09
1990-05-25,17.94,18.76,19.23,19.59
1990-06-01,17.74,18.34,18.88,19.4
1990-06-08,16.84,17.5,17.95,18.41
1990-06-15,17.13,17.82,18.29,18.69
1990-06-22,16.26,17.23,17.83,18.27
1990-06-29,17.08,17.75,18.27,18.59
1990-07-06,16.62,17.33,17.85,18.19
1990-07-13,17.56,18.36,18.83,19.18
1990-07-20,18.89,19.83,20.33,20.58
1990-07-27,20.36,20.94,21.2,21.35
1990-08-03,22.01,22.35,22.65,22.79
1990-08-10,26.84,25.85,25.61,25.3
1990-08-17,27.22,26.72,26.14,25.7
1990-08-24,30.21,29.43,28.79,28.25
1990-08-31,26.96,26.98,26.45,25.95
1990-09-07,30.09,29.54,28.91,28.21
1990-09-14,31.17,30.46,29.51,28.68
1990-09-21,34.07,32.91,31.82,30.73
1990-09-28,38.7,36.89,35.45,34.16
1990-10-05,36.66,36.4,34.91,33.62
1990-10-12,39.63,38.15,36.67,35.27
1990-10-19,36.83,35.75,34.29,32.97
1990-10-26,31.22,30.58,29.37,28.34
1990-11-02,34.72,33.53,32,30.73
1990-11-09,33.86,32.8,31.33,30.02
1990-11-16,31.41,30.91,29.95,28.89
1990-11-23,30.49,29.51,28.65,27.79
1990-11-30,32.17,31.74,30.47,29.2
1990-12-07,28.02,27.49,26.68,25.85
1990-12-14,26.33,25.67,24.92,24.13
1990-12-21,26.83,26,25.03,24.19
1990-12-28,27.27,26.43,25.44,24.56
1991-01-04,26.33,25.7,24.95,24.17
1991-01-11,27.42,26.53,25.45,24.67
1991-01-18,26.71,25.73,24.18,23.33
1991-01-25,22.12,20.86,20.11,19.6
1991-02-01,21.33,20.45,19.74,19.25
1991-02-08,21.29,20.13,19.4,18.92
1991-02-15,22.23,20.46,19.53,18.89
1991-02-22,19.24,18.43,17.84,17.57
1991-03-01,18.74,18.39,18.13,18.01
1991-03-08,19.83,19.52,19.22,18.99
1991-03-15,19.88,19.42,19.1,18.85
1991-03-22,20.27,19.71,19.3,19.04
1991-03-29,19.61,19.34,19.14,19
1991-04-05,19.68,19.56,19.43,19.34
1991-04-12,20.8,20.46,20.14,19.92
1991-04-19,21.49,21.13,20.77,20.55
1991-04-26,21.17,20.95,20.72,20.56
1991-05-03,21.2,20.96,20.76,20.6
1991-05-10,21.66,21.51,21.35,21.21
1991-05-17,20.93,21.01,21.11,21.16
1991-05-24,21.16,21.1,21.2,21.29
1991-05-31,21.22,21.29,21.35,21.4
1991-06-07,20.65,20.73,20.85,20.93
1991-06-14,19.85,19.92,20.13,20.32
1991-06-21,20.09,20.06,20.12,20.21
1991-06-28,20.23,20.23,20.27,20.31
1991-07-05,20.79,20.69,20.6,20.57
1991-07-12,21.39,21.27,21.15,21.03
1991-07-19,21.87,21.77,21.58,21.43
1991-07-26,21.5,21.45,21.36,21.24
1991-08-02,21.41,21.36,21.29,21.2
1991-08-09,21.48,21.4,21.3,21.18
1991-08-16,21.46,21.42,21.38,21.3
1991-08-23,21.96,21.93,21.8,21.67
1991-08-30,21.98,21.89,21.77,21.64
1991-09-06,21.83,21.76,21.67,21.55
1991-09-13,21.52,21.48,21.41,21.3
1991-09-20,21.8,21.69,21.6,21.45
1991-09-27,22.2,22.09,21.9,21.71
1991-10-04,22.41,22.3,22.15,21.95
1991-10-11,23.04,22.88,22.66,22.43
1991-10-18,23.81,23.55,23.27,22.98
1991-10-25,23.48,23.36,23.11,22.82
1991-11-01,23.32,23.12,22.86,22.58
1991-11-08,23.44,23.27,23.02,22.72
1991-11-15,22.55,22.42,22.17,21.92
1991-11-22,21.92,21.79,21.6,21.42
1991-11-29,21.32,21.15,20.96,20.84
1991-12-06,20.56,20.48,20.35,20.26
1991-12-13,19.67,19.69,19.65,19.64
1991-12-20,19.25,19.23,19.23,19.23
1991-12-27,18.75,18.78,18.85,18.91
1992-01-03,19.12,19.12,19.16,19.18
1992-01-10,18.37,18.41,18.5,18.56
1992-01-17,18.84,18.97,19.03,19.06
1992-01-24,18.8,18.96,19.02,19.03
1992-01-31,19.05,19.19,19.24,19.24
1992-02-07,19.42,19.57,19.6,19.6
1992-02-14,19.49,19.65,19.7,19.69
1992-02-21,18.43,18.63,18.77,18.88
1992-02-28,18.56,18.7,18.86,18.95
1992-03-06,18.53,18.7,18.81,18.88
1992-03-13,18.77,18.96,19.09,19.16
1992-03-20,19.13,19.28,19.35,19.37
1992-03-27,19.2,19.32,19.39,19.39
1992-04-03,19.72,19.79,19.8,19.77
1992-04-10,20.41,20.45,20.41,20.35
1992-04-17,20.04,20.14,20.16,20.14
1992-04-24,20.19,20.29,20.3,20.27
1992-05-01,20.63,20.69,20.67,20.62
1992-05-08,20.85,20.91,20.91,20.85
1992-05-15,20.79,20.93,20.96,20.92
1992-05-22,20.58,20.69,20.76,20.75
1992-05-29,22,22,21.98,21.91
1992-06-05,22.33,22.31,22.21,22.11
1992-06-12,22.38,22.37,22.25,22.14
1992-06-19,22.29,22.35,22.29,22.21
1992-06-26,22.6,22.51,22.41,22.31
1992-07-03,21.95,21.86,21.8,21.73
1992-07-10,21.48,21.42,21.39,21.37
1992-07-17,21.58,21.48,21.43,21.38
1992-07-24,21.87,21.72,21.62,21.53
1992-07-31,21.96,21.85,21.76,21.66
1992-08-07,21.35,21.25,21.19,21.14
1992-08-14,21.13,21.06,21.01,20.94
1992-08-21,21.36,21.23,21.15,21.07
1992-08-28,21.27,21.17,21.1,21.01
1992-09-04,21.65,21.5,21.4,21.29
1992-09-11,21.97,21.82,21.7,21.58
1992-09-18,22.23,22.02,21.91,21.77
1992-09-25,21.85,21.76,21.68,21.55
1992-10-02,21.78,21.69,21.63,21.51
1992-10-09,21.97,21.89,21.8,21.68
1992-10-16,22.22,22.14,22.03,21.9
1992-10-23,21.63,21.62,21.53,21.42
1992-10-30,20.95,20.95,20.89,20.83
1992-11-06,20.55,20.6,20.59,20.56
1992-11-13,20.37,20.45,20.47,20.47
1992-11-20,20.35,20.4,20.39,20.39
1992-11-27,20.23,20.24,20.24,20.22
1992-12-04,19.37,19.42,19.47,19.5
1992-12-11,19.05,19.15,19.22,19.3
1992-12-18,19.4,19.53,19.61,19.67
1992-12-25,19.92,20,20.04,20.07
1993-01-01,19.64,19.73,19.8,19.84
1993-01-08,19.03,19.18,19.31,19.4
1993-01-15,18.65,18.81,18.97,19.1
1993-01-22,18.68,18.82,18.96,19.09
1993-01-29,19.93,19.97,20.04,20.1
1993-02-05,20.15,20.17,20.19,20.21
1993-02-12,20.11,20.1,20.11,20.13
1993-02-19,19.48,19.56,19.63,19.7
1993-02-26,20.45,20.51,20.54,20.57
1993-03-05,20.74,20.8,20.83,20.84
1993-03-12,20.44,20.53,20.58,20.6
1993-03-19,20.17,20.3,20.37,20.42
1993-03-26,20.12,20.24,20.29,20.33
1993-04-02,20.44,20.61,20.66,20.7
1993-04-09,20.38,20.56,20.64,20.68
1993-04-16,20.34,20.54,20.65,20.71
1993-04-23,20.14,20.4,20.52,20.6
1993-04-30,20.36,20.54,20.67,20.74
1993-05-07,20.47,20.64,20.74,20.79
1993-05-14,20.05,20.26,20.39,20.47
1993-05-21,19.48,19.8,19.99,20.11
1993-05-28,19.92,20.12,20.23,20.29
1993-06-04,19.95,20.12,20.23,20.28
1993-06-11,19.42,19.69,19.84,19.94
1993-06-18,18.74,19.06,19.33,19.49
1993-06-25,18.73,19.04,19.28,19.44
1993-07-02,18.63,18.91,19.14,19.32
1993-07-09,18,18.26,18.5,18.71
1993-07-16,17.72,17.96,18.18,18.38
1993-07-23,17.62,18,18.22,18.4
1993-07-30,18.14,18.37,18.52,18.64
1993-08-06,17.69,18.02,18.24,18.4
1993-08-13,17.85,18.23,18.47,18.65
1993-08-20,17.84,18.24,18.53,18.72
1993-08-27,18.47,18.72,18.9,19.03
1993-09-03,18.14,18.41,18.61,18.76
1993-09-10,16.96,17.33,17.64,17.87
1993-09-17,16.93,17.28,17.62,17.88
1993-09-24,17.72,17.89,18.11,18.31
1993-10-01,18.36,18.51,18.62,18.73
1993-10-08,18.45,18.64,18.77,18.88
1993-10-15,18.58,18.72,18.83,18.92
1993-10-22,18.17,18.33,18.47,18.6
1993-10-29,17.4,17.59,17.76,17.9
1993-11-05,17.31,17.51,17.7,17.83
1993-11-12,16.71,16.99,17.21,17.39
1993-11-19,16.76,17.15,17.4,17.59
1993-11-26,16.7,16.94,17.15,17.32
1993-12-03,15.23,15.49,15.75,15.98
1993-12-10,14.71,15.01,15.32,15.59
1993-12-17,14.32,14.73,15.1,15.39
1993-12-24,14.45,14.73,15.05,15.34
1993-12-31,14.21,14.54,14.85,15.15
1994-01-07,15.06,15.33,15.57,15.79
1994-01-14,14.63,14.87,15.08,15.28
1994-01-21,15.05,15.08,15.21,15.35
1994-01-28,15.31,15.32,15.4,15.52
1994-02-04,15.73,15.68,15.71,15.81
1994-02-11,14.87,14.99,15.16,15.36
1994-02-18,14.11,14.25,14.47,14.71
1994-02-25,14.5,14.67,14.86,15.07
1994-03-04,14.65,14.79,14.95,15.13
1994-03-11,14.19,14.3,14.43,14.61
1994-03-18,14.82,14.81,14.89,15
1994-03-25,15.14,15.13,15.19,15.28
1994-04-01,14.39,14.5,14.63,14.77
1994-04-08,15.69,15.71,15.78,15.87
1994-04-15,16.08,15.99,15.99,16.03
1994-04-22,16.75,16.44,16.34,16.3
1994-04-29,16.91,16.72,16.63,16.6
1994-05-06,17.18,16.93,16.82,16.78
1994-05-13,17.94,17.46,17.23,17.11
1994-05-20,18.2,17.7,17.46,17.33
1994-05-27,17.89,17.61,17.46,17.38
1994-06-03,18.22,17.83,17.66,17.55
1994-06-10,18.27,17.78,17.54,17.42
1994-06-17,19.64,18.84,18.45,18.23
1994-06-24,19.78,19.14,18.79,18.57
1994-07-01,19.2,18.69,18.45,18.3
1994-07-08,19.37,18.77,18.47,18.3
1994-07-15,20.17,19.55,19.15,18.9
1994-07-22,19.43,19.17,18.91,18.73
1994-07-29,19.63,19.28,19.07,18.92
1994-08-05,20.05,19.64,19.35,19.12
1994-08-12,18.88,18.73,18.6,18.47
1994-08-19,17.87,17.9,17.89,17.87
1994-08-26,17.22,17.31,17.38,17.43
1994-09-02,17.53,17.57,17.61,17.64
1994-09-09,17.66,17.76,17.87,17.9
1994-09-16,16.95,17.12,17.33,17.45
1994-09-23,17.43,17.57,17.69,17.76
1994-09-30,17.85,17.96,18.03,18.06
1994-10-07,18.16,18.28,18.33,18.33
1994-10-14,17.4,17.5,17.57,17.58
1994-10-21,17.32,17.43,17.47,17.46
1994-10-28,17.87,17.83,17.77,17.72
1994-11-04,18.69,18.44,18.26,18.15
1994-11-11,18.27,18.15,18.03,17.94
1994-11-18,17.51,17.54,17.52,17.5
1994-11-25,17.84,17.84,17.84,17.83
1994-12-02,17.81,17.78,17.77,17.76
1994-12-09,16.98,17.01,17.05,17.14
1994-12-16,16.86,16.93,17.02,17.12
1994-12-23,17.07,17.09,17.16,17.23
1994-12-30,17.73,17.69,17.71,17.73
1995-01-06,17.58,17.55,17.58,17.6
1995-01-13,17.55,17.48,17.45,17.45
1995-01-20,18.45,18.26,18.1,18
1995-01-27,18.21,18.06,17.96,17.87
1995-02-03,18.46,18.24,18.11,18
1995-02-10,18.41,18.19,18.04,17.92
1995-02-17,18.5,18.4,18.23,18.11
1995-02-24,18.65,18.47,18.3,18.17
1995-03-03,18.49,18.32,18.18,18.06
1995-03-10,18.3,18.2,18.11,18.01
1995-03-17,18.13,18.1,18.07,18.01
1995-03-24,18.73,18.62,18.5,18.37
1995-03-31,19.13,18.92,18.71,18.53
1995-04-07,19.44,19.25,19.04,18.82
1995-04-14,19.54,19.44,19.22,18.99
1995-04-21,20.22,19.96,19.68,19.38
1995-04-28,20.27,19.93,19.57,19.26
1995-05-05,20.22,19.98,19.64,19.31
1995-05-12,19.72,19.52,19.26,19.01
1995-05-19,20,19.84,19.61,19.38
1995-05-26,19.39,19.28,19.13,18.99
1995-06-02,18.93,18.81,18.7,18.61
1995-06-09,19.03,18.87,18.7,18.55
1995-06-16,18.92,18.76,18.56,18.42
1995-06-23,17.74,17.62,17.53,17.47
1995-06-30,17.67,17.5,17.37,17.32
1995-07-07,17.23,17.06,16.97,16.96
1995-07-14,17.34,17.11,17.02,17
1995-07-21,17.14,16.92,16.87,16.89
1995-07-28,17.25,17.09,17.05,17.06
1995-08-04,17.69,17.45,17.33,17.28
1995-08-11,17.79,17.56,17.45,17.39
1995-08-18,17.61,17.33,17.18,17.11
1995-08-25,18.1,17.7,17.47,17.37
1995-09-01,17.86,17.54,17.36,17.28
1995-09-08,18.41,18.06,17.88,17.76
1995-09-15,18.68,18.27,18.01,17.87
1995-09-22,18.28,17.85,17.61,17.48
1995-09-29,17.53,17.3,17.19,17.12
1995-10-06,17.28,17.02,16.92,16.88
1995-10-13,17.31,17.08,16.97,16.93
1995-10-20,17.51,17.26,17.11,17.05
1995-10-27,17.39,17.19,17.1,17.04
1995-11-03,17.78,17.51,17.36,17.26
1995-11-10,17.77,17.5,17.34,17.23
1995-11-17,18.06,17.74,17.52,17.38
1995-11-24,18,17.77,17.61,17.48
1995-12-01,18.32,18.04,17.85,17.7
1995-12-08,18.75,18.39,18.15,17.98
1995-12-15,19,18.63,18.35,18.15
1995-12-22,19.17,18.81,18.48,18.24
1995-12-29,19.42,18.97,18.61,18.33
1996-01-05,19.97,19.4,18.96,18.63
1996-01-12,19.17,18.92,18.54,18.25
1996-01-19,18.61,18.09,17.76,17.55
1996-01-26,18.07,17.69,17.46,17.31
1996-02-02,17.65,17.29,17.13,17.03
1996-02-09,17.7,17.3,17.1,16.99
1996-02-16,18.81,18.19,17.82,17.6
1996-02-23,19.92,18.96,18.51,18.2
1996-03-01,19.47,18.7,18.22,17.89
1996-03-08,19.67,18.77,18.19,17.85
1996-03-15,20.82,19.63,18.88,18.43
1996-03-22,22.73,20.5,19.39,18.74
1996-03-29,21.85,20.33,19.39,18.88
1996-04-05,22.5,20.74,19.76,19.17
1996-04-12,23.99,21.84,20.39,19.5
1996-04-19,24.39,21.45,19.99,19.11
1996-04-26,22.74,20.99,19.89,19.28
1996-05-03,21.3,20.22,19.48,19
1996-05-10,20.97,20.07,19.38,18.96
1996-05-17,21.14,20.07,19.37,18.88
1996-05-24,21.82,20.48,19.73,19.23
1996-05-31,20.39,19.61,19.04,18.65
1996-06-07,20.07,19.3,18.84,18.52
1996-06-14,20.16,19.35,18.85,18.53
1996-06-21,20.99,20.03,19.41,18.99
1996-06-28,20.51,19.73,19.22,18.87
1996-07-05,21.29,20.42,19.71,19.22
1996-07-12,21.62,20.9,20.22,19.73
1996-07-19,21.87,21.3,20.69,20.18
1996-07-26,20.79,20.26,19.8,19.44
1996-08-02,20.68,20.15,19.7,19.36
1996-08-09,21.38,20.85,20.35,19.94
1996-08-16,22.25,21.7,21.15,20.63
1996-08-23,22.42,21.79,21.25,20.76
1996-08-30,21.86,21.36,20.89,20.48
1996-09-06,23.48,22.79,22.2,21.67
1996-09-13,24.42,23.77,23.07,22.41
1996-09-20,23.51,23.1,22.6,22.03
1996-09-27,24.13,23.55,22.93,22.35
1996-10-04,24.42,23.86,23.27,22.68
1996-10-11,24.95,24.56,23.99,23.36
1996-10-18,25.48,25.07,24.57,23.94
1996-10-25,25.18,24.78,24.28,23.74
1996-11-01,23.97,23.6,23.18,22.76
1996-11-08,22.89,22.68,22.39,22.07
1996-11-15,23.88,23.74,23.43,23.08
1996-11-22,23.94,23.6,23.25,22.85
1996-11-29,23.62,23.17,22.76,22.33
1996-12-06,25.15,24.56,24,23.46
1996-12-13,24.26,23.78,23.26,22.74
1996-12-20,25.85,25.05,24.42,23.81
1996-12-27,25.01,24.36,23.71,23.09
1997-01-03,25.64,24.99,24.31,23.67
1997-01-10,26.34,25.67,24.98,24.3
1997-01-17,25.44,24.78,24.22,23.67
1997-01-24,24.5,23.92,23.43,22.96
1997-01-31,24.27,23.77,23.27,22.82
1997-02-07,23.48,23.14,22.75,22.39
1997-02-14,22.23,21.98,21.68,21.43
1997-02-21,22.17,21.8,21.49,21.21
1997-02-28,20.8,20.53,20.33,20.16
1997-03-07,20.71,20.56,20.4,20.25
1997-03-14,20.64,20.7,20.67,20.58
1997-03-21,21.77,21.54,21.39,21.24
1997-03-28,20.85,20.83,20.75,20.67
1997-04-04,19.75,19.8,19.83,19.84
1997-04-11,19.39,19.49,19.53,19.56
1997-04-18,19.68,19.6,19.63,19.64
1997-04-25,19.95,19.88,19.85,19.81
1997-05-02,20.01,20.03,20,19.97
1997-05-09,19.94,19.99,19.97,19.94
1997-05-16,21.51,21.46,21.31,21.18
1997-05-23,21.63,21.78,21.69,21.56
1997-05-30,20.86,20.96,20.94,20.88
1997-06-06,19.98,20.16,20.23,20.26
1997-06-13,18.68,18.98,19.16,19.31
1997-06-20,18.85,19.06,19.18,19.29
1997-06-27,19.25,19.37,19.47,19.55
1997-07-04,19.96,19.98,19.99,19.99
1997-07-11,19.45,19.58,19.65,19.72
1997-07-18,19.51,19.61,19.65,19.69
1997-07-25,19.51,19.68,19.73,19.77
1997-08-01,20.08,20.11,20.12,20.12
1997-08-08,20.33,20.47,20.51,20.52
1997-08-15,20,20.2,20.28,20.32
1997-08-22,19.89,20.06,20.14,20.18
1997-08-29,19.49,19.6,19.71,19.75
1997-09-05,19.57,19.69,19.77,19.81
1997-09-12,19.4,19.54,19.62,19.67
1997-09-19,19.41,19.55,19.62,19.66
1997-09-26,20.12,20.2,20.23,20.22
1997-10-03,21.6,21.51,21.4,21.27
1997-10-10,22.06,22.03,21.88,21.68
1997-10-17,20.83,20.94,20.92,20.83
1997-10-24,20.97,21.08,21.06,20.98
1997-10-31,20.91,21.02,20.99,20.9
1997-11-07,20.63,20.8,20.81,20.74
1997-11-14,20.62,20.8,20.8,20.73
1997-11-21,19.8,20.08,20.16,20.16
1997-11-28,19.57,19.74,19.83,19.88
1997-12-05,18.71,18.97,19.13,19.24
1997-12-12,18.4,18.65,18.83,18.97
1997-12-19,18.29,18.48,18.66,18.82
1997-12-26,18.3,18.45,18.59,18.73
1998-01-02,17.57,17.78,17.98,18.16
1998-01-09,16.84,17.06,17.26,17.47
1998-01-16,16.44,16.63,16.84,17.06
1998-01-23,16.14,16.35,16.59,16.83
1998-01-30,17.23,17.39,17.57,17.76
1998-02-06,16.64,16.84,17.06,17.26
1998-02-13,16.24,16.47,16.71,16.95
1998-02-20,16.06,16.22,16.51,16.81
1998-02-27,15.38,15.74,16.11,16.42
1998-03-06,15.23,15.58,15.97,16.31
1998-03-13,14.21,14.58,15,15.39
1998-03-20,13.89,14.19,14.58,14.96
1998-03-27,16.5,16.77,16.97,17.18
1998-04-03,15.82,16.12,16.4,16.63
1998-04-10,15.45,15.79,16.1,16.35
1998-04-17,15.45,15.82,16.14,16.39
1998-04-24,15.34,15.82,16.15,16.4
1998-05-01,15.58,16.12,16.49,16.75
1998-05-08,15.43,16.15,16.59,16.9
1998-05-15,14.98,15.72,16.15,16.46
1998-05-22,14.12,15.14,15.67,16.05
1998-05-29,14.97,15.44,15.85,16.19
1998-06-05,14.96,15.57,16.01,16.38
1998-06-12,13.44,14.43,15.16,15.7
1998-06-19,11.95,13.25,14.14,14.8
1998-06-26,14.14,14.61,15.1,15.52
1998-07-03,14.28,14.75,15.14,15.49
1998-07-10,13.83,14.26,14.65,14.99
1998-07-17,14.37,14.6,14.86,15.11
1998-07-24,13.81,14.09,14.41,14.72
1998-07-31,14.2,14.47,14.77,15.05
1998-08-07,13.74,14.09,14.41,14.71
1998-08-14,13.02,13.37,13.74,14.04
1998-08-21,13.24,13.5,13.8,14.09
1998-08-28,13.54,13.78,14.07,14.33
1998-09-04,14,14.22,14.47,14.73
1998-09-11,14.36,14.58,14.81,15.03
1998-09-18,14.77,14.91,15.07,15.24
1998-09-25,15.74,15.9,16,16.11
1998-10-02,15.77,15.83,15.94,16.05
1998-10-09,14.99,15.14,15.3,15.45
1998-10-16,14.18,14.37,14.57,14.76
1998-10-23,13.78,13.94,14.14,14.33
1998-10-30,14.26,14.44,14.61,14.76
1998-11-06,14.11,14.3,14.49,14.66
1998-11-13,13.57,13.82,14.03,14.23
1998-11-20,12.34,12.86,13.2,13.52
1998-11-27,12.14,12.53,12.91,13.25
1998-12-04,11.19,11.59,11.99,12.37
1998-12-11,11.09,11.52,11.86,12.18
1998-12-18,11.44,11.81,12.11,12.37
1998-12-25,11.12,11.36,11.64,11.91
1999-01-01,11.75,11.92,12.15,12.36
1999-01-08,12.66,12.74,12.87,13.01
1999-01-15,12.58,12.64,12.72,12.84
1999-01-22,12.26,12.3,12.38,12.5
1999-01-29,12.4,12.44,12.52,12.63
1999-02-05,12.17,12.3,12.42,12.55
1999-02-12,11.77,11.88,12.02,12.16
1999-02-19,11.68,11.8,11.93,12.07
1999-02-26,12.4,12.52,12.63,12.74
1999-03-05,12.87,12.99,13.07,13.16
1999-03-12,14.19,14.21,14.18,14.18
1999-03-19,14.84,14.93,14.86,14.81
1999-03-26,15.64,15.69,15.67,15.61
1999-04-02,16.66,16.62,16.55,16.44
1999-04-09,16.44,16.43,16.38,16.27
1999-04-16,16.76,16.8,16.76,16.64
1999-04-23,17.92,17.66,17.45,17.23
1999-04-30,18.22,17.91,17.61,17.35
1999-05-07,18.66,18.39,18.1,17.85
1999-05-14,18.04,17.97,17.84,17.7
1999-05-21,17.27,17.24,17.19,17.11
1999-05-28,17.11,17.1,17.03,16.94
1999-06-04,16.76,16.8,16.77,16.7
1999-06-11,17.96,18.04,17.98,17.84
1999-06-18,18.2,18.37,18.41,18.34
1999-06-25,18.09,18.19,18.22,18.19
1999-07-02,19.01,19.04,18.97,18.84
1999-07-09,19.8,19.87,19.77,19.59
1999-07-16,20.15,20.34,20.33,20.19
1999-07-23,20.01,20.16,20.1,19.93
1999-07-30,20.59,20.64,20.53,20.32
1999-08-06,20.53,20.63,20.62,20.43
1999-08-13,21.45,21.54,21.43,21.16
1999-08-20,21.61,21.8,21.76,21.52
1999-08-27,21.22,21.26,21.18,20.87
1999-09-03,21.92,21.91,21.76,21.4
1999-09-10,23.01,23.02,22.78,22.34
1999-09-17,24.29,23.98,23.51,22.98
1999-09-24,24.5,24.03,23.49,22.93
1999-10-01,24.54,24.2,23.7,23.13
1999-10-08,22.77,22.64,22.41,22.05
1999-10-15,22.38,22.36,22.19,21.89
1999-10-22,22.6,22.68,22.56,22.28
1999-10-29,22.58,22.57,22.4,22.05
1999-11-05,22.72,22.67,22.4,22.04
1999-11-12,24.2,24.05,23.61,23.07
1999-11-19,25.96,25.59,25.03,24.39
1999-11-26,26.79,25.81,24.9,24.07
1999-12-03,25.44,24.67,23.84,23.07
1999-12-10,26.16,25.47,24.6,23.79
1999-12-17,26.21,25.79,24.99,24.19
1999-12-24,26.04,25.5,24.74,23.97
1999-12-31,26.31,25.42,24.6,23.84
2000-01-07,24.87,24.27,23.63,23.02
2000-01-14,26.29,25.59,24.9,24.27
2000-01-21,29.06,27.71,26.78,25.96
2000-01-28,27.7,26.75,25.94,25.22
2000-02-04,28.05,27.12,26.37,25.72
2000-02-11,28.82,27.8,26.91,26.19
2000-02-18,29.87,28.96,27.92,27.07
2000-02-25,29.83,28.45,27.37,26.51
2000-03-03,31.11,29.48,28.21,27.23
2000-03-10,32.2,30.44,28.99,27.94
2000-03-17,31.29,29.42,28.08,27.14
2000-03-24,28.04,27.22,26.57,26.04
2000-03-31,26.99,26.33,25.94,25.6
2000-04-07,25.69,25.19,24.96,24.75
2000-04-14,24.87,24.06,23.88,23.73
2000-04-21,26.31,25.14,24.73,24.46
2000-04-28,25.44,25.16,24.86,24.6
2000-05-05,26.76,26.39,25.9,25.46
2000-05-12,28.71,28.51,27.82,27.2
2000-05-19,29.84,29.78,29.24,28.61
2000-05-26,29.57,28.98,28.42,27.91
2000-06-02,29.96,29.15,28.53,28.01
2000-06-09,29.88,29.1,28.41,27.87
2000-06-16,32.49,30.75,29.73,29
2000-06-23,32.11,30.34,29.38,28.72
2000-06-30,32.16,30.86,29.97,29.32
2000-07-07,30.31,29.27,28.67,28.15
2000-07-14,30.52,29.67,29.06,28.59
2000-07-21,30.74,29.78,29.24,28.82
2000-07-28,28,27.77,27.58,27.34
2000-08-04,28.42,28.11,27.85,27.58
2000-08-11,30.15,29.78,29.29,28.84
2000-08-18,31.87,31.18,30.56,29.98
2000-08-25,31.87,31.42,30.87,30.3
2000-09-01,33.09,32.16,31.54,30.96
2000-09-08,34.44,33.57,32.86,32.19
2000-09-15,34.65,33.62,33.05,32.48
2000-09-22,35.45,34.3,33.61,32.98
2000-09-29,31.14,31.05,30.86,30.62
2000-10-06,31.41,31.28,31.09,30.91
2000-10-13,33.87,33.6,33.18,32.79
2000-10-20,33.21,32.43,31.9,31.45
2000-10-27,33.31,32.43,31.81,31.28
2000-11-03,32.8,31.6,30.83,30.22
2000-11-10,33.49,32.46,31.56,30.85
2000-11-17,35.1,34.4,33.42,32.38
2000-11-24,35.26,34.25,33.15,32.07
2000-12-01,34.01,33.01,32.06,31.15
2000-12-08,29.68,29.18,28.66,28.19
2000-12-15,28.96,28.26,27.79,27.41
2000-12-22,27.4,26.69,26.3,25.99
2000-12-29,26.44,25.8,25.44,25.19
2001-01-05,27.83,27.12,26.62,26.26
2001-01-12,28.78,27.68,27,26.55
2001-01-19,30.63,28.79,27.94,27.35
2001-01-26,29.99,28.82,28.14,27.57
2001-02-02,29.56,28.78,28.15,27.66
2001-02-09,30.96,30.53,29.87,29.25
2001-02-16,29.71,29.55,29.19,28.75
2001-02-23,28.74,28.55,28.17,27.79
2001-03-02,27.88,27.89,27.7,27.42
2001-03-09,28.46,28.6,28.49,28.22
2001-03-16,27.06,27.29,27.38,27.34
2001-03-23,26.55,26.71,26.72,26.64
2001-03-30,26.83,26.98,26.9,26.72
2001-04-06,26.64,26.88,26.91,26.71
2001-04-13,28.05,28.34,28.46,28.29
2001-04-20,28.02,28.47,28.69,28.67
2001-04-27,27.69,28.08,28.18,28.1
2001-05-04,28.4,28.91,29.01,28.79
2001-05-11,28.09,28.81,28.93,28.78
2001-05-18,29.07,29.44,29.46,29.09
2001-05-25,29.22,29.43,29.38,29.04
2001-06-01,28.38,28.55,28.48,28.26
2001-06-08,28.05,28.37,28.44,28.33
2001-06-15,28.92,29.11,29,28.74
2001-06-22,26.98,27.03,27.02,26.96
2001-06-29,26.33,26.31,26.25,26.21
2001-07-06,26.86,26.56,26.41,26.33
2001-07-13,27.12,26.71,26.47,26.36
2001-07-20,25.36,25.43,25.38,25.38
2001-07-27,26.6,26.18,26.05,25.91
2001-08-03,27.02,26.4,26.3,26.17
2001-08-10,27.78,27.16,27.08,26.89
2001-08-17,27.49,26.66,26.63,26.48
2001-08-24,27,26.55,26.43,26.24
2001-08-31,26.93,27.04,27.02,26.73
2001-09-07,27.37,27.52,27.5,27.2
2001-09-14,27.63,27.85,27.89,27.56
2001-09-21,27.16,27.47,27.55,27.32
2001-09-28,22.47,22.82,23.05,23.07
2001-10-05,22.63,22.98,23.12,23.26
2001-10-12,22.66,23.04,23.17,23.27
2001-10-19,21.85,22.15,22.31,22.39
2001-10-26,22,22.24,22.35,22.39
2001-11-02,21.15,21.32,21.45,21.52
2001-11-09,20.68,20.89,21,21.07
2001-11-16,19.62,19.93,20.06,20.15
2001-11-23,18.61,19,19.17,19.33
2001-11-30,19.09,19.32,19.48,19.62
2001-12-07,19.36,19.72,19.93,20.09
2001-12-14,18.43,18.8,19.05,19.26
2001-12-21,19.46,19.71,19.87,20
2001-12-28,20.86,21.08,21.2,21.31
2002-01-04,20.71,20.97,21.1,21.18
2002-01-11,20.59,21.04,21.26,21.3
2002-01-18,18.52,19.12,19.48,19.69
2002-01-25,19.38,19.72,19.92,20.05
2002-02-01,19.71,20.03,20.23,20.36
2002-02-08,19.96,20.3,20.47,20.57
2002-02-15,21.21,21.54,21.65,21.65
2002-02-22,20.8,20.97,21.09,21.09
2002-03-01,21.46,21.68,21.74,21.7
2002-03-08,23.26,23.55,23.6,23.52
2002-03-15,24.35,24.7,24.77,24.71
2002-03-22,25.17,25.37,25.42,25.3
2002-03-29,25.63,25.75,25.75,25.61
2002-04-05,26.99,27.15,27.05,26.74
2002-04-12,25.39,25.59,25.42,25.13
2002-04-19,25.56,25.72,25.49,25.18
2002-04-26,26.62,26.42,26.11,25.82
2002-05-03,26.89,26.53,26.25,26
2002-05-10,27.25,26.61,26.33,26.1
2002-05-17,28.4,27.49,27.23,26.94
2002-05-24,26.81,26.45,26.36,26.18
2002-05-31,25.25,25.39,25.3,25.14
2002-06-07,24.97,25.16,25.12,25.02
2002-06-14,24.93,25.17,25.19,25.15
2002-06-21,25.64,25.85,25.75,25.64
2002-06-28,26.65,26.4,26.2,26.03
2002-07-05,26.79,26.7,26.44,26.21
2002-07-12,26.65,26.64,26.36,26.14
2002-07-19,27.62,27.66,27.27,26.99
2002-07-26,26.62,26.3,26.12,25.93
2002-08-02,26.85,26.36,26.14,25.97
2002-08-09,26.76,26.26,26,25.85
2002-08-16,28.46,27.75,27.29,26.99
2002-08-23,29.33,28.52,28.07,27.66
2002-08-30,28.87,28.66,28.43,28.09
2002-09-06,28.66,28.67,28.49,28.15
2002-09-13,29.58,29.72,29.51,29.07
2002-09-20,29.47,29.69,29.55,29.15
2002-09-27,30.61,30.34,29.84,29.15
2002-10-04,30.23,30.03,29.6,29.05
2002-10-11,29.36,29.42,29.05,28.61
2002-10-18,29.69,29.69,29.25,28.72
2002-10-25,27.94,27.73,27.35,26.99
2002-11-01,27.06,26.71,26.36,26.05
2002-11-08,26,25.48,25.16,24.94
2002-11-15,25.57,24.86,24.57,24.39
2002-11-22,26.64,26.05,25.81,25.54
2002-11-29,26.47,26.34,26.12,25.82
2002-12-06,27.09,26.97,26.64,26.31
2002-12-13,27.76,27.76,27.36,26.95
2002-12-20,30.3,30.05,29.35,28.66
2002-12-27,32.23,31.3,30.17,29.21
2003-01-03,31.88,31.15,29.92,28.85
2003-01-10,31.48,30.86,29.88,28.93
2003-01-17,33.08,32.32,31.38,30.37
2003-01-24,33.25,32.13,31.09,30.11
2003-01-31,33.19,32.32,31.38,30.45
2003-02-07,33.91,33.18,32.26,31.32
2003-02-14,35.77,34.65,33.44,32.22
2003-02-21,36.62,35.06,33.68,32.34
2003-02-28,36.81,34.96,33.37,32.09
2003-03-07,36.85,35.2,33.54,32.27
2003-03-14,36.64,35.28,33.64,32.46
2003-03-21,30.4,29.25,28.36,27.86
2003-03-28,29.16,27.53,26.86,26.45
2003-04-04,29.39,27.75,27.03,26.63
2003-04-11,28.08,26.96,26.43,26.17
2003-04-18,29.41,27.67,27.17,26.78
2003-04-25,28.07,27.12,26.73,26.37
2003-05-02,25.65,25.46,25.31,25.15
2003-05-09,26.63,26.42,26.14,25.9
2003-05-16,28.58,28.22,27.66,27.14
2003-05-23,29.03,28.22,27.54,27.03
2003-05-30,29.15,28.16,27.47,27.01
2003-06-06,30.69,29.6,28.75,28.13
2003-06-13,31.54,30.36,29.58,28.89
2003-06-20,30.68,29.16,28.63,28.11
2003-06-27,29.24,28.79,28.37,27.96
2003-07-04,30.29,29.91,29.33,28.88
2003-07-11,30.71,30.42,29.87,29.42
2003-07-18,31.46,30.86,30.29,29.77
2003-07-25,30.41,29.86,29.45,29.03
2003-08-01,30.78,30.41,29.93,29.46
2003-08-08,32.07,31.84,31.31,30.71
2003-08-15,31.37,31.31,30.9,30.34
2003-08-22,31.25,31.17,30.76,30.19
2003-08-29,31.56,31.28,30.8,30.25
2003-09-05,29.19,29.16,28.85,28.5
2003-09-12,28.89,28.99,28.71,28.36
2003-09-19,27.39,27.48,27.25,27.06
2003-09-26,27.76,27.61,27.31,27.06
2003-10-03,29.45,29.19,28.75,28.33
2003-10-10,30.73,30.73,30.34,29.85
2003-10-17,31.55,31.64,31.25,30.76
2003-10-24,30.18,30.04,29.67,29.28
2003-10-31,29.19,28.98,28.7,28.39
2003-11-07,29.81,29.61,29.26,28.9
2003-11-14,31.53,31.12,30.71,30.22
2003-11-21,32.48,31.82,31.38,30.83
2003-11-28,29.97,29.76,29.37,28.98
2003-12-05,30.76,30.62,30.23,29.82
2003-12-12,32.13,32.01,31.53,31.03
2003-12-19,33.23,33.27,32.72,32.11
2003-12-26,32.23,31.84,31.32,30.8
2004-01-02,32.57,32.23,31.75,31.22
2004-01-09,33.88,33.63,33.17,32.6
2004-01-16,34.43,33.75,33.27,32.73
2004-01-23,35.16,34.3,33.7,33.1
2004-01-30,33.61,32.79,32.15,31.6
2004-02-06,33.55,32.44,31.78,31.28
2004-02-13,33.85,33.15,32.59,32.07
2004-02-20,35.56,34.56,33.98,33.4
2004-02-27,35.26,34.21,33.5,32.94
2004-03-05,36.64,35.89,35.08,34.43
2004-03-12,36.38,35.67,34.83,34.17
2004-03-19,37.82,37.2,36.33,35.59
2004-03-26,36.56,35.93,35.29,34.71
2004-04-02,35.22,34.57,34.06,33.59
2004-04-09,35.66,35.11,34.62,34.14
2004-04-16,37.42,36.89,36.49,35.96
2004-04-23,36.78,36.18,35.78,35.34
2004-04-30,37.33,37.03,36.62,36.15
2004-05-07,39.21,39,38.47,37.85
2004-05-14,40.44,40.34,39.76,39.08
2004-05-21,40.89,40.76,40.26,39.64
2004-05-28,40.58,40.26,39.78,39.23
2004-06-04,40.02,39.97,39.7,39.25
2004-06-11,37.98,38.14,38.03,37.76
2004-06-18,37.86,38.15,38.15,37.9
2004-06-25,37.76,37.86,37.73,37.48
2004-07-02,37.22,37.3,37.14,36.95
2004-07-09,39.76,39.9,39.51,39.16
2004-07-16,40.39,40.51,40.02,39.58
2004-07-23,41.23,40.82,39.53,39.14
2004-07-30,42.55,41.94,41.47,41.02
2004-08-06,43.83,43.29,42.77,42.25
2004-08-13,45.25,44.76,44.31,43.73
2004-08-20,47.33,46.53,46.12,45.57
2004-08-27,44.2,43.89,43.5,43.03
2004-09-03,43.29,43.22,42.91,42.5
2004-09-10,43.38,43.41,43.04,42.63
2004-09-17,44.26,44.24,43.77,43.25
2004-09-24,47.83,47.27,46.63,45.99
2004-10-01,49.76,49.19,48.53,47.91
2004-10-08,51.8,51.37,50.76,50.13
2004-10-15,53.9,53.34,52.79,52.14
2004-10-22,54.3,53.73,53.17,52.52
2004-10-29,52.97,52.69,52.28,51.72
2004-11-05,49.81,49.78,49.54,49.13
2004-11-12,48.01,48.13,48.1,47.84
2004-11-19,46.9,47.11,47.17,47.04
2004-11-26,49.01,49.13,49.01,48.65
2004-12-03,46.03,46.21,46.22,46.02
2004-12-10,41.92,42.34,42.5,42.43
2004-12-17,43.5,44.01,44.19,44.05
2004-12-24,44.96,45.04,44.87,44.56
2004-12-31,42.55,42.75,42.72,42.51
2005-01-07,44.08,44.29,44.21,43.94
2005-01-14,46.76,46.95,46.65,46.25
2005-01-21,47.84,48.06,47.91,47.59
2005-01-28,48.65,48.83,48.8,48.57
2005-02-04,46.99,47.4,47.58,47.51
2005-02-11,46.08,46.72,46.99,46.97
2005-02-18,47.78,48.38,48.67,48.64
2005-02-25,51.3,51.7,51.82,51.64
2005-03-04,52.77,53.34,53.4,53.25
2005-03-11,54.24,54.91,55.03,54.89
2005-03-18,55.92,56.5,56.92,57.06
2005-03-25,55.33,56.14,56.67,56.98
2005-04-01,54.99,55.85,56.28,56.45
2005-04-08,55.27,56.41,57.1,57.42
2005-04-15,51.48,53.12,53.99,54.36
2005-04-22,52.94,54.23,55.02,55.32
2005-04-29,52.37,53.89,54.67,55.04
2005-05-06,50.47,52.19,52.97,53.44
2005-05-13,50.35,51.86,52.46,52.71
2005-05-20,47.71,49.47,50.27,50.76
2005-05-27,50.53,51.25,51.72,52.08
2005-06-03,53.81,54.69,55.12,55.37
2005-06-10,53.72,54.95,55.77,56.28
2005-06-17,56.25,57.16,57.86,58.3
2005-06-24,59.12,59.64,60.1,60.33
2005-07-01,58.25,59.22,59.82,60.17
2005-07-08,60.31,61.3,61.97,62.39
2005-07-15,59.09,60.05,60.72,61.11
2005-07-22,57.46,58.45,59.09,59.51
2005-07-29,59.56,60.5,61.14,61.59
2005-08-05,61.6,62.61,63.34,63.86
2005-08-12,64.91,65.85,66.4,66.69
2005-08-19,64.84,65.44,65.99,66.33
2005-08-26,66.42,67.04,67.56,67.94
2005-09-02,68.6,69.03,69.28,69.49
2005-09-09,64.73,65.48,66.11,66.58
2005-09-16,63.86,64.42,65,65.45
2005-09-23,66.22,66.33,66.62,66.9
2005-09-30,66.05,66.07,66.4,66.71
2005-10-07,63.07,62.88,63.33,63.71
2005-10-14,63.03,62.57,62.87,63.14
2005-10-21,62.33,61.68,61.6,61.59
2005-10-28,61.15,61.52,61.83,62.02
2005-11-04,60.34,61.09,61.5,61.74
2005-11-11,58.69,59.65,60.17,60.41
2005-11-18,57.01,57.79,58.31,58.65
2005-11-25,58.42,59.02,59.41,59.72
2005-12-02,57.79,58.61,59.08,59.4
2005-12-09,59.82,60.77,61.41,61.8
2005-12-16,60.31,61.32,61.96,62.35
2005-12-23,58.12,58.63,59.14,59.54
2005-12-30,59.84,60.47,60.9,61.25
2006-01-06,63.39,64.19,64.68,65.01
2006-01-13,63.73,64.39,64.94,65.32
2006-01-20,66.81,67.22,67.7,68.04
2006-01-27,67.01,67.66,68.11,68.44
2006-02-03,66.58,67.39,68,68.47
2006-02-10,63.04,64.04,64.84,65.46
2006-02-17,59.36,60.8,61.8,62.56
2006-02-24,61.39,62.79,63.74,64.47
2006-03-03,62.28,63.88,64.88,65.63
2006-03-10,60.89,62.68,63.58,64.23
2006-03-17,62.68,64.38,65.25,65.84
2006-03-24,62.19,63.48,64.35,64.91
2006-03-31,66.09,67.16,67.81,68.19
2006-04-07,67.07,68.35,69.09,69.52
2006-04-14,68.92,70.35,71.26,71.72
2006-04-21,72.21,73.79,74.64,75.09
2006-04-28,72.2,73.7,74.48,74.97
2006-05-05,72.14,73.74,74.56,75.09
2006-05-12,71.59,73.01,73.94,74.6
2006-05-19,69.12,69.93,70.81,71.55
2006-05-26,70.71,71.46,72.09,72.6
2006-06-02,71.5,72.36,72.95,73.42
2006-06-09,71.58,72.28,73.08,73.7
2006-06-16,69.49,70.03,70.77,71.32
2006-06-23,69.99,70.68,71.3,71.79
2006-06-30,72.67,73.6,74.2,74.65
2006-07-07,74.81,75.86,76.52,76.98
2006-07-14,75.29,76.59,77.23,77.67
2006-07-21,73.8,75.31,76.14,76.71
2006-07-28,74.1,75.15,75.89,76.42
2006-08-04,75.07,76.33,77.09,77.64
2006-08-11,75.6,77.03,77.81,78.3
2006-08-18,71.93,73.21,74.17,74.91
2006-08-25,72.34,73.2,74.02,74.68
2006-09-01,69.96,71.1,71.95,72.67
2006-09-08,67.42,68.59,69.5,70.28
2006-09-15,63.98,64.92,65.92,66.77
2006-09-22,61.61,62.29,63.22,64.05
2006-09-29,62.22,63.21,64.01,64.71
2006-10-06,59.78,61.12,62.18,63.04
2006-10-13,58.5,60.24,61.53,62.48
2006-10-20,58.37,60.27,61.72,62.78
2006-10-27,60.13,61.83,62.99,63.84
2006-11-03,58.56,60.38,61.65,62.64
2006-11-10,59.91,61.7,62.96,63.92
2006-11-17,57.54,59.81,61.29,62.35
2006-11-24,59.4,60.85,62,62.93
2006-12-01,62.07,63.51,64.48,65.25
2006-12-08,62.32,63.59,64.56,65.32
2006-12-15,61.91,62.79,63.67,64.34
2006-12-22,62.83,63.67,64.49,65.14
2006-12-29,60.76,61.99,62.87,63.56
2007-01-05,56.74,57.81,58.76,59.54
2007-01-12,54.12,55.15,56.07,56.82
2007-01-19,51.48,52.58,53.35,53.97
2007-01-26,54.24,55.2,55.96,56.63
2007-02-02,57.09,57.81,58.52,59.13
2007-02-09,58.99,59.65,60.36,60.95
2007-02-16,58.45,59.08,59.78,60.36
2007-02-23,60.06,61.04,61.83,62.48
2007-03-02,61.66,62.83,63.72,64.44
2007-03-09,60.85,62.33,63.28,64.01
2007-03-16,57.93,60.19,61.48,62.4
2007-03-23,59.38,61.32,62.42,63.22
2007-03-30,64.36,65.92,66.88,67.51
2007-04-06,64.81,66.63,67.73,68.48
2007-04-13,62.58,65.34,67.01,67.94
2007-04-20,63.01,64.39,65.72,66.5
2007-04-27,65.57,66.89,67.74,68.4
2007-05-04,63.78,65.5,66.61,67.41
2007-05-11,61.89,63.61,64.79,65.65
2007-05-18,63.6,64.87,66.02,66.88
2007-05-25,65.28,66.31,67.36,68.13
2007-06-01,63.93,65.04,65.94,66.64
2007-06-08,65.89,66.84,67.72,68.37
2007-06-15,66.65,67.26,68.12,68.76
2007-06-22,68.83,69.4,70.02,70.49
2007-06-29,69.23,69.63,69.92,70.22
2007-07-06,71.78,72.18,72.28,72.43
2007-07-13,72.8,73.15,73.19,73.25
2007-07-20,74.94,75.1,74.82,74.54
2007-07-27,75.26,74.88,74.53,74.19
2007-08-03,76.78,76.39,75.85,75.28
2007-08-10,71.94,71.79,71.57,71.26
2007-08-17,72.06,71.85,71.49,71.01
2007-08-24,70.15,69.96,69.64,69.34
2007-08-31,72.92,72.25,71.52,71.02
2007-09-07,75.95,74.97,73.91,73.13
2007-09-14,78.96,77.73,76.59,75.78
2007-09-21,81.79,80.58,79.49,78.71
2007-09-28,81.06,79.92,79.12,78.51
2007-10-05,80.58,79.72,78.91,78.23
2007-10-12,81.47,80.71,80,79.39
2007-10-19,87.84,86.58,85.55,84.57
2007-10-26,88.45,87.32,86.37,85.58
2007-11-02,93.57,92.55,91.54,90.64
2007-11-09,95.77,94.9,94.05,93.25
2007-11-16,93.68,92.49,91.52,90.68
2007-11-23,97.04,95.95,94.9,93.97
2007-11-30,92.49,91.81,91.12,90.46
2007-12-07,88.73,88.51,88.23,87.94
2007-12-14,91.16,91.2,91.07,90.78
2007-12-21,91.35,91.25,91.08,90.8
2007-12-28,95.68,95.3,94.66,94.02
2008-01-04,98.17,97.94,97.42,96.88
2008-01-11,94.7,94.32,93.84,93.4
2008-01-18,91.53,91.09,90.7,90.35
2008-01-25,89.24,88.82,88.45,88.11
2008-02-01,91.13,91.01,90.81,90.59
2008-02-08,89.09,89.14,89.06,88.91
2008-02-15,94.12,94.18,93.99,93.73
2008-02-22,99.45,98.91,98.47,98.07
2008-02-29,100.84,100.5,100.11,99.77
2008-03-07,103.42,102.72,102.01,101.45
2008-03-14,109.42,108.15,106.88,105.8
2008-03-21,105.36,104.08,103.08,102.23
2008-03-28,104.24,103.54,102.86,102.24
2008-04-04,103.49,102.98,102.42,101.87
2008-04-11,109.74,109.18,108.51,107.82
2008-04-18,114.41,113.89,113.19,112.47
2008-04-25,117.95,117.01,116.19,115.48
2008-05-02,115.34,114.59,113.83,113.19
2008-05-09,123,122.72,122.27,121.81
2008-05-16,124.93,124.74,124.55,124.36
2008-05-23,130.46,130.48,130.51,130.51
2008-05-30,128.46,128.56,128.45,128.29
2008-06-06,128.14,128.46,128.56,128.51
2008-06-13,134.73,135.29,135.55,135.65
2008-06-20,134.37,135,135.42,135.64
2008-06-27,137.63,138.13,138.35,138.48
2008-07-04,142.46,143.04,143.39,143.65
2008-07-11,140.04,140.69,141.11,141.48
2008-07-18,135.34,136.02,136.49,136.9
2008-07-25,126.44,127.01,127.47,127.85
2008-08-01,124.57,125.05,125.48,125.82
2008-08-08,118.88,118.91,119.13,119.36
2008-08-15,114.45,114.55,114.92,115.28
2008-08-22,115.63,115.97,116.45,116.89
2008-08-29,116.12,116.54,117,117.39
2008-09-05,108.3,108.83,109.4,109.92
2008-09-12,102.85,102.95,103.31,103.69
2008-09-19,97.29,96.79,96.86,97.02
2008-09-26,109.63,106.65,106.43,106.46
2008-10-03,96.68,96.11,96.19,96.39
2008-10-10,86.22,85.69,85.73,85.93
2008-10-17,75.21,75.58,75.96,76.39
2008-10-24,68.78,69.31,69.75,70.21
2008-10-31,65.44,65.99,66.6,67.19
2008-11-07,64.31,65.03,65.85,66.73
2008-11-14,58.64,59.44,60.33,61.25
2008-11-21,52.5,52.95,53.85,54.8
2008-11-28,53.54,54.79,55.98,57.07
2008-12-05,45.5,47.11,48.67,50.08
2008-12-12,44.71,47.4,49.61,51.21
2008-12-19,39.65,44.56,47.2,49.08
2008-12-26,37.99,40.92,42.74,44.2
2009-01-02,42.5,46.15,48.1,49.53
2009-01-09,44.51,49.16,51.73,53.49
2009-01-16,36.91,43.74,47.75,50.18
2009-01-23,43.11,45.36,47.39,48.95
2009-01-30,42.52,46.33,48.59,50.02
2009-02-06,40.5,44.82,47.24,48.76
2009-02-13,36.91,43.24,46.45,48.19
2009-02-20,36.99,39.04,41.41,42.89
2009-02-27,42.18,44.61,45.95,47.03
2009-03-06,43.26,45.39,46.47,47.39
2009-03-13,45.68,46.81,47.85,48.76
2009-03-20,49.46,50.22,51.6,52.75
2009-03-27,53.45,55.07,56.44,57.53
2009-04-03,50.32,52.19,53.81,54.95
2009-04-10,50.46,53.01,55.27,56.75
2009-04-17,49.8,52.38,54.65,56.19
2009-04-24,48.48,50.35,52,53.35
2009-05-01,51.07,52.33,53.46,54.5
2009-05-08,56,57.39,58.58,59.62
2009-05-15,58.07,58.9,59.75,60.6
2009-05-22,60.69,61.3,61.98,62.64
2009-05-29,64.32,65.05,65.68,66.17
2009-06-05,68.1,68.99,69.82,70.55
2009-06-12,70.83,71.61,72.49,73.23
2009-06-19,70.61,71.22,72.06,72.77
2009-06-26,68.85,69.63,70.36,71.02
2009-07-03,69.36,70.31,71.11,71.78
2009-07-10,61.48,62.47,63.5,64.41
2009-07-17,61.27,62.23,63.41,64.5
2009-07-24,65.86,67.32,68.81,70.03
2009-07-31,67.07,68.87,70.34,71.36
2009-08-07,71.57,73.41,74.72,75.61
2009-08-14,69.65,71.61,73.03,73.95
2009-08-21,70.96,72.29,73.32,74.12
2009-08-28,72.62,73.33,74.05,74.7
2009-09-04,68.41,69.03,69.68,70.29
2009-09-11,70.91,71.35,71.76,72.18
2009-09-18,71.36,71.79,72.25,72.74
2009-09-25,68.43,68.8,69.3,69.82
2009-10-02,68.99,69.34,69.78,70.23
2009-10-09,70.86,71.2,71.68,72.16
2009-10-16,75.74,76.23,76.76,77.32
2009-10-23,80.35,80.81,81.41,81.94
2009-10-30,78.51,79.12,79.73,80.24
2009-11-06,79.04,79.7,80.37,80.99
2009-11-13,78.21,78.86,79.54,80.22
2009-11-20,78.36,78.97,79.72,80.48
2009-11-27,76.9,78.06,79.06,79.86
2009-12-04,76.84,78.41,79.72,80.72
2009-12-11,71.53,73.47,74.97,76.03
2009-12-18,71.77,73.49,74.57,75.41
2009-12-25,75.4,76.17,76.87,77.49
2010-01-01,79.07,79.77,80.46,81.01
2010-01-08,82.37,82.95,83.51,84.05
2010-01-15,80.07,80.49,81.06,81.68
2010-01-22,76.82,77.13,77.66,78.26
2010-01-29,74.03,74.48,75.07,75.63
2010-02-05,74.59,75.02,75.6,76.17
2010-02-12,73.91,74.32,74.81,75.33
2010-02-19,78.3,78.66,79.11,79.56
2010-02-26,79.37,79.7,80.1,80.49
2010-03-05,80.19,80.59,81.01,81.41
2010-03-12,81.76,82.11,82.51,82.92
2010-03-19,81.46,81.75,82.12,82.49
2010-03-26,80.86,81.26,81.69,82.06
2010-04-02,83.29,83.72,84.14,84.43
2010-04-09,85.93,86.49,87.14,87.66
2010-04-16,84.6,85.71,86.91,87.7
2010-04-23,83.48,85.06,86.35,87.18
2010-04-30,84.24,86.55,88.04,88.89
2010-05-07,80.22,83.32,84.92,85.84
2010-05-14,74.97,79.06,81.2,82.37
2010-05-21,69.48,72.17,73.59,74.54
2010-05-28,71.8,73.01,73.92,74.63
2010-06-04,72.89,74.31,75.39,76.25
2010-06-11,73.41,74.66,75.65,76.45
2010-06-18,76.74,77.84,78.75,79.51
2010-06-25,77.35,78.01,78.67,79.28
2010-07-02,74.98,75.54,76.03,76.55
2010-07-09,74.4,74.95,75.48,76.07
2010-07-16,76.35,76.77,77.16,77.7
2010-07-23,77.76,78.09,78.54,79.04
2010-07-30,78.16,78.59,79.14,79.67
2010-08-06,81.81,82.26,82.81,83.35
2010-08-13,78.18,78.61,79.22,79.83
2010-08-20,74.86,75.23,75.92,76.66
2010-08-27,73.16,73.95,74.86,75.64
2010-09-03,74.03,75.4,76.78,77.78
2010-09-10,74.87,76.35,77.72,78.76
2010-09-17,75.65,76.73,77.99,79.05
2010-09-24,74.95,76.33,77.68,78.72
2010-10-01,78.42,79.49,80.4,81.15
2010-10-08,82.37,83.11,83.85,84.45
2010-10-15,82.06,82.9,83.67,84.27
2010-10-22,81.32,82.06,82.73,83.29
2010-10-29,82.12,82.83,83.42,83.9
2010-11-05,84.98,85.64,86.17,86.62
2010-11-12,86.86,87.39,87.85,88.27
2010-11-19,82.2,82.71,83.33,83.85
2010-11-26,82.65,83.24,83.75,84.12
2010-12-03,86.76,87.24,87.61,87.87
2010-12-10,88.5,88.99,89.41,89.71
2010-12-17,88.25,88.84,89.5,90
2010-12-24,90.16,90.85,91.48,91.97
2010-12-31,90.97,91.76,92.4,92.88
2011-01-07,89.53,90.65,91.58,92.37
2011-01-14,91.03,92.14,93.11,93.94
2011-01-21,90.05,91.09,92.33,93.37
2011-01-28,87.27,89.35,91.09,92.32
2011-02-04,90.68,93.31,95.28,96.46
2011-02-11,86.69,90.01,92.95,94.71
2011-02-18,85.34,88.54,91.51,93.26
2011-02-25,96.71,98.34,99.24,99.9
2011-03-04,101.03,102.44,103.12,103.62
2011-03-11,103.74,104.91,105.51,105.95
2011-03-18,99.77,100.67,101.29,101.83
2011-03-25,104.62,105.26,105.74,106.08
2011-04-01,105.54,106.09,106.57,106.87
2011-04-08,109.75,110.35,110.87,111.19
2011-04-15,108.21,108.83,109.38,109.75
2011-04-22,109.75,110.16,110.52,110.71
2011-04-29,112.81,113.3,113.58,113.69
2011-05-06,106.16,106.69,106.99,107.17
2011-05-13,100.65,101.19,101.56,101.84
2011-05-20,98.46,98.97,99.36,99.69
2011-05-27,99.89,100.4,100.84,101.17
2011-06-03,100.9,101.48,101.96,102.38
2011-06-10,100.01,100.58,101.09,101.54
2011-06-17,95.89,96.34,96.8,97.2
2011-06-24,92.85,93.39,93.86,94.31
2011-07-01,93.73,94.28,94.82,95.36
2011-07-08,97.1,97.59,98.06,98.55
2011-07-15,96.71,97.13,97.56,98.05
2011-07-22,98.11,98.43,98.82,99.24
2011-07-29,97.87,98.29,98.76,99.22
2011-08-05,90.82,91.24,91.7,92.17
2011-08-12,82.92,83.27,83.71,84.14
2011-08-19,85.35,85.53,85.86,86.24
2011-08-26,85.08,85.41,85.76,86.16
2011-09-02,88.07,88.38,88.74,89.06
2011-09-09,87.91,88.13,88.43,88.71
2011-09-16,88.93,89.07,89.25,89.46
2011-09-23,83.77,83.96,84.21,84.47
2011-09-30,81.45,81.66,81.88,82.1
2011-10-07,79.71,79.9,80.05,80.22
2011-10-14,85.56,85.77,85.9,86.07
2011-10-21,86.71,87,87.14,87.3
2011-10-28,92.38,92.26,92.14,92
2011-11-04,93.24,93.12,92.99,92.89
2011-11-11,96.97,96.87,96.78,96.7
2011-11-18,99.27,99.37,99.3,99.25
2011-11-25,96.97,97.12,97.25,97.33
2011-12-02,99.9,100.02,100.12,100.13
2011-12-09,100.1,100.28,100.45,100.58
2011-12-16,96.05,96.25,96.46,96.68
2011-12-23,97.8,97.93,98.11,98.22
2011-12-30,99.8,99.95,100.13,100.25
2012-01-06,102.39,102.58,102.79,102.98
2012-01-13,100.44,100.65,100.89,101.14
2012-01-20,100.04,100.13,100.39,100.7
2012-01-27,99.44,99.77,100.13,100.43
2012-02-03,97.81,98.19,98.61,99
2012-02-10,98.51,98.92,99.53,100.17
2012-02-17,101.8,102.15,102.66,103.2
2012-02-24,107.43,107.87,108.32,108.63
2012-03-02,107.54,108,108.44,108.73
2012-03-09,106.31,106.79,107.29,107.68
2012-03-16,106.13,106.65,107.18,107.66
2012-03-23,106.64,107.11,107.57,107.93
2012-03-30,105.11,105.64,106.13,106.48
2012-04-06,103.51,104.04,104.58,105.01
2012-04-13,102.53,103.03,103.53,103.96
2012-04-20,103.02,103.55,103.98,104.35
2012-04-27,104.05,104.45,104.8,105.05
2012-05-04,103.46,103.83,104.1,104.26
2012-05-11,96.99,97.35,97.61,97.87
2012-05-18,93.12,93.48,93.75,94.03
2012-05-25,91.13,91.4,91.69,91.95
2012-06-01,87.09,87.41,87.73,88.01
2012-06-08,84.44,84.74,85.03,85.33
2012-06-15,83.32,83.62,83.9,84.19
2012-06-22,81.41,81.62,81.98,82.36
2012-06-29,80.29,80.69,81.1,81.55
2012-07-06,85.77,86.15,86.52,86.95
2012-07-13,85.78,86.16,86.53,86.97
2012-07-20,90.32,90.66,90.97,91.31
2012-07-27,89.03,89.31,89.63,90.01
2012-08-03,89.06,89.32,89.68,90.14
2012-08-10,93.09,93.36,93.67,94.07
2012-08-17,94.42,94.72,95.01,95.38
2012-08-24,96.47,96.74,97.08,97.48
2012-08-31,95.68,95.99,96.33,96.75
2012-09-07,95.65,95.98,96.31,96.75
2012-09-14,97.61,97.94,98.25,98.64
2012-09-21,93.73,94.1,94.42,94.76
2012-09-28,91.46,91.81,92.22,92.62
2012-10-05,90.82,91.2,91.63,92.06
2012-10-12,91.38,91.79,92.26,92.73
2012-10-19,91.64,92.08,92.59,93.05
2012-10-26,86.69,87.11,87.66,88.17
2012-11-02,85.88,86.39,86.94,87.5
2012-11-09,85.99,86.47,87.05,87.66
2012-11-16,85.88,86.29,86.88,87.5
2012-11-23,87.92,88.51,89.12,89.68
2012-11-30,87.68,88.29,88.94,89.51
2012-12-07,87.53,88.12,88.77,89.37
2012-12-14,86.15,86.68,87.28,87.85
2012-12-21,88.69,89.19,89.72,90.22
2012-12-28,90.32,90.83,91.37,91.85
2013-01-04,92.74,93.17,93.59,93.96
2013-01-11,93.36,93.81,94.21,94.54
2013-01-18,94.54,94.99,95.37,95.67
2013-01-25,95.83,96.3,96.73,97.07
2013-02-01,97.44,97.89,98.29,98.61
2013-02-08,96.2,96.7,97.18,97.61
2013-02-15,96.94,97.51,98.03,98.46
2013-02-22,94.27,94.79,95.2,95.54
2013-03-01,92.25,92.67,93.05,93.34
2013-03-08,90.98,91.44,91.83,92.1
2013-03-15,92.72,93.1,93.38,93.54
2013-03-22,93,93.37,93.6,93.71
2013-03-29,96.24,96.51,96.66,96.59
2013-04-05,94.93,95.24,95.47,95.52
2013-04-12,93.4,93.72,93.97,94.06
2013-04-19,87.97,88.26,88.49,88.58
2013-04-26,91.2,91.5,91.61,91.53
2013-05-03,93.72,93.93,93.9,93.63
2013-05-10,96.17,96.41,96.38,96.12
2013-05-17,94.97,95.24,95.32,95.15
2013-05-24,95.11,95.27,95.27,95.01
2013-05-31,93.43,93.64,93.67,93.43
2013-06-07,94.26,94.49,94.55,94.35
2013-06-14,96.31,96.54,96.58,96.31
2013-06-21,96.71,96.79,96.76,96.44
2013-06-28,95.92,95.8,95.25,94.58
2013-07-05,100.51,100.37,99.32,98.27
2013-07-12,104.81,104.38,103.05,101.58
2013-07-19,106.98,106.73,105.27,103.7
2013-07-26,105.94,105.06,103.66,102.2
2013-08-02,105.5,104.76,103.45,102.1
2013-08-09,105.12,104.52,103.26,101.92
2013-08-16,106.92,106.59,105.51,104.11
2013-08-23,105.47,105.08,104.16,102.93
2013-08-30,108.3,107.65,106.24,104.69
2013-09-06,108.67,107.91,106.52,104.95
2013-09-13,108.26,107.38,105.79,104.19
2013-09-20,106.23,105.78,104.48,103.07
2013-09-27,103.06,102.42,101.51,100.45
2013-10-04,103.12,102.75,101.99,101
2013-10-11,102.63,102.5,102.09,101.46
2013-10-18,101.48,101.67,101.48,101.04
2013-10-25,97.77,98.03,97.92,97.5
2013-11-01,96.93,97.18,97.12,96.81
2013-11-08,94.32,94.67,94.81,94.79
2013-11-15,93.93,94.48,94.75,94.86
2013-11-22,94,94.45,94.67,94.72
2013-11-29,93.2,93.51,93.73,93.76
2013-12-06,96.42,96.66,96.72,96.51
2013-12-13,97.48,97.74,97.71,97.37
2013-12-20,98.12,98.32,98.13,97.58
2013-12-27,99.5,99.56,99.15,98.42
2014-01-03,96.78,96.94,96.82,96.4
2014-01-10,92.76,92.96,92.9,92.65
2014-01-17,93.38,93.57,93.44,93.07
2014-01-24,96.42,96.08,95.53,94.83
2014-01-31,97.24,96.71,95.97,95.12
2014-02-07,97.74,97.12,96.37,95.55
2014-02-14,100.2,99.8,99.06,98.27
2014-02-21,102.72,102.27,101.34,100.38
2014-02-28,102.45,101.69,100.75,99.77
2014-03-07,102.77,102.16,101.21,100.2
2014-03-14,99.25,98.87,98.21,97.47
2014-03-21,99.41,98.64,97.78,96.87
2014-03-28,100.4,99.66,98.76,97.83
2014-04-04,100.47,99.77,98.92,98
2014-04-11,102.75,101.85,100.92,99.95
2014-04-18,103.97,103.15,102.25,101.26
2014-04-25,102.1,101.53,100.76,99.9
2014-05-02,100.21,99.52,98.65,97.75
2014-05-09,100,99.24,98.32,97.38
2014-05-16,101.64,101.09,100.25,99.32
2014-05-23,103.44,102.78,101.79,100.72
2014-05-30,103.28,102.48,101.48,100.41
2014-06-06,102.58,101.89,100.99,100.01
2014-06-13,105.32,104.53,103.53,102.42
2014-06-20,106.58,106.13,105.29,104.23
2014-06-27,106.06,105.32,104.35,103.41
2014-07-04,104.81,104.22,103.39,102.55
2014-07-11,102.6,102.05,101.34,100.58
2014-07-18,101.68,100.95,100.2,99.46
2014-07-25,103.26,101.7,100.72,99.9
2014-08-01,99.79,98.67,97.93,97.29
2014-08-08,97.52,96.74,96.3,95.92
2014-08-15,97.19,95.97,95.47,95.1
2014-08-22,94.91,93.32,92.86,92.62
2014-08-29,94.32,93.69,93.32,93.16
2014-09-05,94.04,93.3,92.89,92.72
2014-09-12,92.44,91.6,91.14,90.96
2014-09-19,93.54,92.53,91.9,91.57
2014-09-26,92.39,91.65,91.15,90.81
2014-10-03,91.44,90.41,89.72,89.2
2014-10-10,87.62,86.81,86.34,85.99
2014-10-17,82.96,82.23,81.75,81.36
2014-10-24,81.83,81.42,81.05,80.74
2014-10-31,81.26,81.02,80.87,80.76
2014-11-07,78.24,78.22,78.18,78.19
2014-11-14,76.51,76.48,76.44,76.46
2014-11-21,75.38,75.45,75.48,75.52
2014-11-28,72.43,72.52,72.61,72.75
2014-12-05,67.18,67.28,67.41,67.61
2014-12-12,61.11,61.32,61.58,61.85
2014-12-19,55.79,56.16,56.5,56.85
2014-12-26,55.74,56.12,56.54,57.01
2015-01-02,53.42,53.84,54.39,55.05
2015-01-09,48.75,49.27,49.95,50.74
2015-01-16,47.08,47.62,48.34,49.14
2015-01-23,46.52,47.05,47.89,48.8
2015-01-30,45.72,46.47,47.55,48.67
2015-02-06,50.65,51.48,52.65,53.87
2015-02-13,51.14,52.04,53.28,54.56
2015-02-20,51.79,52.44,53.65,54.91
2015-02-27,49.53,51.43,53.03,54.55
2015-03-06,50.4,52.25,53.71,55.03
2015-03-13,47.67,49.59,51.14,52.42
2015-03-20,44.34,46.01,47.91,49.45
2015-03-27,48.89,50.52,51.85,52.88
2015-04-03,48.88,50.53,51.86,52.83
2015-04-10,51.79,53.33,54.44,55.14
2015-04-17,54.81,56.35,57.49,58.13
2015-04-24,56.54,58.04,59.08,59.74
2015-05-01,58.28,59.62,60.35,60.9
2015-05-08,59.72,60.79,61.35,61.75
2015-05-15,60.01,60.98,61.49,61.84
2015-05-22,59.22,59.8,60.14,60.41
2015-05-29,58.38,58.74,58.95,59.14
2015-06-05,59.65,59.97,60.19,60.36
2015-06-12,60.09,60.53,60.9,61.1
2015-06-19,59.89,60.31,60.68,60.96
2015-06-26,60.06,60.45,60.74,61.07
2015-07-03,57.92,58.3,58.59,58.97
2015-07-10,52.41,52.82,53.16,53.62
2015-07-17,51.69,52.09,52.48,53.02
2015-07-24,49.26,49.7,50.27,50.92
2015-07-31,47.96,48.37,49,49.67
2015-08-07,44.92,45.34,46,46.69
2015-08-14,43.21,43.93,44.98,45.87
2015-08-21,41.38,41.86,42.77,43.58
2015-08-28,40.79,41.52,42.33,43.12
2015-09-04,46.73,47.35,48.03,48.74
2015-09-11,45.16,45.75,46.39,47.07
2015-09-18,45.46,45.83,46.32,46.89
2015-09-25,45.52,46.02,46.63,47.29
2015-10-02,45.01,45.46,46.05,46.64
2015-10-09,48.33,48.86,49.56,50.19
2015-10-16,46.74,47.23,48.01,48.7
2015-10-23,45.32,46.02,46.75,47.46
2015-10-30,45.15,46.04,46.82,47.52
2015-11-06,45.97,46.95,47.78,48.51
2015-11-13,42.64,43.9,44.86,45.66
2015-11-20,40.82,42.01,43.14,44.08
2015-11-27,42.34,43.73,44.83,45.73
2015-12-04,40.9,42.27,43.33,44.21
2015-12-11,36.94,38.54,39.81,40.79
2015-12-18,35.77,37.04,38.18,39.1
2015-12-25,36.62,37.6,38.45,39.17
2016-01-01,37.08,38.12,39,39.76
2016-01-08,34.63,35.83,36.92,37.9
2016-01-15,30.59,31.59,32.64,33.63
2016-01-22,29.18,30.57,31.74,32.76
2016-01-29,32.19,33.69,35.04,36.14
2016-02-05,31.28,32.99,34.6,35.95
2016-02-12,28.15,30.36,32.19,33.61
2016-02-19,30.03,32.16,33.82,35.06
2016-02-26,32.27,34.09,35.46,36.43
2016-03-04,34.66,36.42,37.61,38.46
2016-03-11,37.81,39.56,40.6,41.38
2016-03-18,38.32,39.94,40.82,41.48
2016-03-25,40.15,41.37,42.15,42.73
2016-04-01,38.22,39.53,40.41,41.03
2016-04-08,37.26,38.52,39.41,39.99
2016-04-15,41.23,42.53,43.37,43.87
2016-04-22,42.08,43.27,43.97,44.42
2016-04-29,44.79,45.65,46.15,46.54
2016-05-06,44.24,44.91,45.34,45.72
2016-05-13,45.45,46.15,46.61,47.03
2016-05-20,48.03,48.65,49.09,49.43
2016-05-27,49.01,49.44,49.81,50.12
2016-06-03,48.91,49.38,49.79,50.13
2016-06-10,50.18,50.77,51.25,51.63
2016-06-17,47.91,48.48,48.98,49.41
2016-06-24,49.02,49.73,50.26,50.72
2016-07-01,48.28,48.97,49.54,50.09
2016-07-08,46.15,46.85,47.47,48.07
2016-07-15,45.59,46.32,46.96,47.65
2016-07-22,44.75,45.49,46.18,46.89
2016-07-29,42.14,42.87,43.61,44.33
2016-08-05,40.83,41.6,42.39,43.15
2016-08-12,43.1,43.83,44.58,45.29
2016-08-19,47.17,47.83,48.52,49.16
2016-08-26,47.38,48,48.65,49.29
2016-09-02,45.13,45.75,46.36,46.97
2016-09-09,45.96,46.58,47.22,47.87
2016-09-16,44.34,44.92,45.59,46.25
2016-09-23,44.58,45.15,45.78,46.4
2016-09-30,46.74,47.32,47.9,48.44
2016-10-07,49.52,50.09,50.7,51.25
2016-10-14,50.44,50.87,51.39,51.86
2016-10-21,50.62,50.97,51.49,51.99
2016-10-28,49.62,50.25,50.86,51.43
2016-11-04,45.52,46.11,46.71,47.32
2016-11-11,44.95,45.6,46.3,47
2016-11-18,45.16,45.75,46.46,47.16
2016-11-25,47.83,48.68,49.51,50.25
2016-12-02,48.9,49.81,50.68,51.36
2016-12-09,50.97,52.01,52.95,53.65
2016-12-16,51.93,52.94,53.85,54.52
2016-12-23,52.56,53.5,54.29,54.91
2016-12-30,53.86,54.78,55.53,56.12
2017-01-06,53.34,54.27,55.09,55.78
2017-01-13,52.08,52.92,53.74,54.48
2017-01-20,51.84,52.62,53.37,54.06
2017-01-27,53.13,53.78,54.35,54.82
2017-02-03,53.34,53.96,54.47,54.91
2017-02-10,52.88,53.42,53.9,54.3
2017-02-17,53.2,53.65,54.03,54.35
2017-02-24,54.02,54.34,54.58,54.77
2017-03-03,53.57,54,54.32,54.57
2017-03-10,50.88,51.41,51.81,52.13
2017-03-17,48.5,49.04,49.47,49.79
2017-03-24,47.85,48.5,48.94,49.26
2017-03-31,49.31,49.81,50.17,50.42
2017-04-07,51.27,51.72,52.07,52.32
2017-04-14,53.19,53.6,53.92,54.15
2017-04-21,51.08,51.5,51.84,52.12
2017-04-28,49.34,49.67,49.94,50.18
2017-05-05,47.21,47.57,47.84,48.09
2017-05-12,47.06,47.44,47.76,48.03
2017-05-19,49.25,49.58,49.84,50.08
2017-05-26,50.45,50.73,50.93,51.09
2017-06-02,48.5,48.74,48.92,49.06
2017-06-09,46.56,46.77,46.98,47.16
2017-06-16,45.29,45.51,45.74,45.94
2017-06-23,43.14,43.39,43.62,43.88
2017-06-30,44.67,44.92,45.15,45.42
2017-07-07,45.49,45.68,45.87,46.12
2017-07-14,45.51,45.7,45.86,46.08
2017-07-21,46.42,46.6,46.79,47.03
2017-07-28,48.35,48.47,48.63,48.77
2017-08-04,49.51,49.64,49.78,49.9
2017-08-11,49.11,49.27,49.43,49.57
2017-08-18,47.5,47.65,47.81,47.94
2017-08-25,47.74,47.96,48.15,48.32
2017-09-01,46.7,47.28,47.75,48.11
2017-09-08,48.6,49.09,49.5,49.84
2017-09-15,49.08,49.58,49.96,50.25
2017-09-22,50.2,50.58,50.89,51.11
2017-09-29,51.89,52.19,52.4,52.5
2017-10-06,50.21,50.55,50.82,50.99
2017-10-13,51.07,51.37,51.58,51.74
2017-10-20,51.71,51.97,52.17,52.3
2017-10-27,52.62,52.83,52.95,53.03
2017-11-03,54.6,54.82,54.93,54.97
2017-11-10,57.13,57.36,57.52,57.58
2017-11-17,55.9,56.09,56.22,56.34
2017-11-24,56.98,57.12,57.14,57.1
2017-12-01,57.83,57.88,57.82,57.69
2017-12-08,57.02,57.08,57.07,57.04
2017-12-15,57.21,57.24,57.18,57.11
2017-12-22,57.91,57.97,57.97,57.92
2017-12-29,59.97,60,59.98,59.87
2018-01-05,61.17,61.14,61.03,60.87
2018-01-12,63.27,63.18,63,62.78
2018-01-19,63.86,63.8,63.63,63.4
2018-01-26,65.04,64.92,64.66,64.32
2018-02-02,65.21,64.98,64.67,64.27
2018-02-09,61.94,61.68,61.32,60.92
2018-02-16,60.42,60.27,59.95,59.54
2018-02-23,62.32,62.17,61.86,61.43
2018-03-02,62.16,62.01,61.69,61.25
2018-03-09,61.7,61.57,61.31,60.93
2018-03-16,61.31,61.35,61.22,60.95
2018-03-23,64.16,64.1,63.79,63.32
2018-03-30,65.01,64.94,64.61,64.1
2018-04-06,63.1,63.08,62.87,62.47
2018-04-13,66.04,65.98,65.69,65.2
2018-04-20,67.58,67.58,67.32,66.79
2018-04-27,68.14,68,67.62,67.07
2018-05-04,68.38,68.24,67.86,67.34
2018-05-11,70.6,70.53,70.24,69.79
2018-05-18,71.31,71.37,71.15,70.72
2018-05-25,70.96,70.92,70.61,70.14
2018-06-01,67.13,67.03,66.69,66.29
2018-06-08,65.34,65.28,65.05,64.77
2018-06-15,66.21,66.07,65.72,65.3
2018-06-22,66.25,65.76,65.21,64.77
2018-06-29,71.79,70.37,69.11,68.45
2018-07-06,73.79,71.4,68.92,68.22
2018-07-13,71.94,70.54,68.84,68.18
2018-07-20,68.96,67.7,66.21,65.69
2018-07-27,68.8,67.62,67.23,66.92
2018-08-03,68.8,67.62,67.2,66.85
2018-08-10,67.91,67.12,66.73,66.39
2018-08-17,66.12,65.49,65.21,64.93
2018-08-24,67.64,66.93,66.62,66.34
2018-08-31,69.39,69.02,68.71,68.45
2018-09-07,68.78,68.48,68.24,68.01
2018-09-14,68.95,68.76,68.65,68.51
2018-09-21,70.29,69.95,69.74,69.54
2018-09-28,72.26,72.06,71.88,71.67
2018-10-05,75.12,74.99,74.86,74.73
2018-10-12,72.95,72.8,72.67,72.56
2018-10-19,70.24,70.21,70.21,70.19
2018-10-26,67.47,67.63,67.73,67.83
2018-11-02,65.07,65.21,65.33,65.48
2018-11-09,61.57,61.72,61.88,62.06
2018-11-16,56.96,57.14,57.36,57.57
2018-11-23,53.97,54.19,54.35,54.48
2018-11-30,51.17,51.35,51.5,51.64
2018-12-07,52.64,52.85,53.07,53.32
2018-12-14,51.52,51.74,51.97,52.22
2018-12-21,46.96,47.41,47.75,48.11
2018-12-28,44.24,44.54,44.87,45.25
2019-01-04,46.48,46.8,47.16,47.61
2019-01-11,50.97,51.29,51.66,52.09
2019-01-18,52.16,52.44,52.75,53.14
2019-01-25,53.16,53.47,53.8,54.17
2019-02-01,53.72,53.99,54.3,54.62
2019-02-08,53.52,53.86,54.31,54.77
2019-02-15,53.88,54.27,54.81,55.35
2019-02-22,56.56,56.96,57.47,57.97
2019-03-01,56.19,56.61,57.1,57.56
2019-03-08,56.42,56.8,57.25,57.73
2019-03-15,57.81,58.13,58.49,58.87
2019-03-22,59.39,59.68,59.93,60.18
2019-03-29,59.52,59.71,59.87,60.01
2019-04-05,62.36,62.44,62.48,62.48
2019-04-12,64.09,64.13,64.13,64.03
2019-04-19,63.84,63.95,64.02,64.03
2019-04-26,65.28,65.27,65.19,65
2019-05-03,62.95,63.04,63.05,62.96
2019-05-10,61.83,61.94,61.99,61.93
2019-05-17,62.09,62.28,62.39,62.4
2019-05-24,60.81,60.91,60.93,60.87
2019-05-31,57.33,57.48,57.54,57.51
2019-06-07,53,53.15,53.23,53.22
2019-06-14,52.49,52.74,52.9,52.96
2019-06-21,54.73,54.96,55.02,54.96
2019-06-28,58.6,58.65,58.54,58.37
2019-07-05,57.51,57.59,57.54,57.45
2019-07-12,59.27,59.36,59.32,59.22
2019-07-19,56.98,57.1,57.11,57.07
2019-07-26,56.22,56.31,56.39,56.39
2019-08-02,56.62,56.68,56.68,56.6
2019-08-09,53.29,53.21,53.06,52.89
2019-08-16,55.32,55.29,54.98,54.62
2019-08-23,55.55,55.39,55.06,54.66
2019-08-30,55.23,55.04,54.71,54.33
2019-09-06,55.62,55.47,55.18,54.81
2019-09-13,56.19,56.11,55.86,55.52
2019-09-20,59.31,59.22,58.79,58.19
2019-09-27,56.95,56.78,56.37,55.9
2019-10-04,53.12,53.02,52.78,52.48
2019-10-11,53.24,53.26,53.13,52.94
2019-10-18,53.49,53.58,53.57,53.45
2019-10-25,55.27,55.39,55.32,55.09
2019-11-01,55.36,55.44,55.34,55.11
2019-11-08,56.9,56.94,56.77,56.43
2019-11-15,57.05,57.13,57.01,56.73
2019-11-22,57.14,57.11,56.9,56.56
2019-11-29,57.56,57.49,57.27,56.96
2019-12-06,57.62,57.54,57.29,56.94
2019-12-13,59.25,59.15,58.86,58.48
2019-12-20,60.75,60.66,60.35,59.94
2019-12-27,61.26,61.08,60.77,60.37
2020-01-03,62.12,61.89,61.56,61.13
2020-01-10,60.84,60.69,60.45,60.12
2020-01-17,58.24,58.26,58.18,57.99
2020-01-24,56.22,56.24,56.17,55.96
2020-01-31,52.73,52.8,52.81,52.73
2020-02-07,50.35,50.54,50.76,50.94
2020-02-14,50.83,51.07,51.34,51.56
2020-02-21,53.13,53.29,53.48,53.59
2020-02-28,48.38,48.55,48.66,48.73
2020-03-06,45.58,45.75,45.92,46.05
2020-03-13,32.34,32.74,33.21,33.74
2020-03-20,24.73,25.14,26.14,27.26
2020-03-27,23.19,25.94,28.17,29.62
2020-04-03,22.91,26.26,28.75,30.31
2020-04-10,24.39,29.42,32.2,33.16
2020-04-17,20.11,26.65,30.75,32.37
2020-04-24,3.92,19.07,23.34,25.5
2020-05-01,15.76,19.79,22.67,24.83
2020-05-08,23.45,25.18,26.86,28.17
2020-05-15,26.44,26.9,27.95,28.91
2020-05-22,33,33.11,33.61,34.03
2020-05-29,34.09,34.48,34.91,35.21
2020-06-05,37.3,37.59,37.88,38.07
2020-06-12,37.87,38.09,38.32,38.48
2020-06-19,38.41,38.63,38.83,39.01
2020-06-26,39.21,39.4,39.55,39.69
2020-07-03,39.86,39.96,40.1,40.22
2020-07-10,40.46,40.61,40.77,40.9
2020-07-17,40.59,40.79,40.97,41.11
2020-07-24,41.41,41.51,41.67,41.8
2020-07-31,40.82,41.09,41.37,41.62
2020-08-07,41.61,41.87,42.21,42.51
2020-08-14,42.09,42.36,42.69,43
2020-08-21,42.73,42.97,43.27,43.57
2020-08-28,43.07,43.37,43.69,44
2020-09-04,41.6,41.94,42.31,42.68
2020-09-11,37.36,37.73,38.19,38.68
2020-09-18,39.56,39.81,40.16,40.55
2020-09-25,39.88,40.13,40.44,40.76
2020-10-02,39.18,39.45,39.79,40.15
2020-10-09,40.33,40.61,40.97,41.31
2020-10-16,40.5,40.78,41.12,41.43
2020-10-23,40.56,40.83,41.12,41.4
2020-10-30,37.5,37.83,38.18,38.54
2020-11-06,37.91,38.25,38.66,39.07
2020-11-13,40.87,41.17,41.49,41.8
2020-11-20,41.7,41.91,42.14,42.39
2020-11-27,44.56,44.77,44.91,45.02
2020-12-04,45.41,45.58,45.71,45.78
2020-12-11,46.05,46.24,46.37,46.48
2020-12-18,47.98,48.14,48.25,48.33
2020-12-25,47.78,47.93,48.03,48.08
2021-01-01,48.14,48.26,48.35,48.38
2021-01-08,50.25,50.32,50.32,50.25
2021-01-15,52.86,52.9,52.83,52.69
2021-01-22,52.91,52.88,52.75,52.54
2021-01-29,52.55,52.45,52.27,52.02
2021-02-05,55.42,55.27,55.01,54.65
2021-02-12,58.54,58.43,58.15,57.74
2021-02-19,60.24,60.26,59.95,59.46
2021-02-26,62.28,62.12,61.66,61.08
2021-03-05,62.32,62.13,61.68,61.1
2021-03-12,65.03,65,64.66,64.13
2021-03-19,63.24,63.29,63.12,62.74
2021-03-26,60,60.01,59.85,59.54
2021-04-02,60.68,60.69,60.51,60.14
2021-04-09,59.33,59.37,59.29,59.06
2021-04-16,61.92,61.98,61.9,61.65
2021-04-23,62.15,62.15,61.94,61.6
2021-04-30,63.46,63.34,63.02,62.57
2021-05-07,65.08,65.03,64.79,64.38
2021-05-14,65.09,65.11,64.95,64.64
2021-05-21,64.15,64.09,63.87,63.5
2021-05-28,66.3,66.05,65.57,65.03
2021-06-04,68.75,68.54,68.07,67.45
2021-06-11,70.09,69.88,69.36,68.69
2021-06-18,71.57,71.3,70.58,69.76
2021-06-25,73.43,72.86,71.94,71.02
2021-07-02,73.95,73.19,72.16,71.27
2021-07-09,73.27,72.53,71.43,70.43
2021-07-16,73.19,72.74,71.86,71
2021-07-23,69.62,69.13,68.39,67.64
2021-07-30,72.7,72.1,71.33,70.49
2021-08-06,69.47,69.05,68.56,68
2021-08-13,68.31,68.1,67.74,67.31
2021-08-20,65.07,64.85,64.51,64.13
2021-08-27,67.54,67.25,66.86,66.44
2021-09-03,69.12,68.86,68.54,68.19
2021-09-10,68.88,68.64,68.32,67.95
2021-09-17,71.62,71.39,70.95,70.43
2021-09-24,72.07,71.82,71.35,70.8
2021-10-01,75.3,74.95,74.43,73.83
2021-10-08,78.33,77.94,77.41,76.81
2021-10-15,81.04,80.43,79.7,78.93
2021-10-22,83.11,82.28,81.15,80.03
2021-10-29,83.49,82.14,80.62,79.29
2021-11-05,81.78,80.46,79.07,77.72
2021-11-12,81.96,80.69,79.37,78.1
2021-11-19,79.02,78.28,77.27,76.23
2021-11-26,77.88,77.29,76.6,75.95
2021-12-03,66.89,66.64,66.37,66.08
2021-12-10,71.3,71.12,70.86,70.59
2021-12-17,71.23,71.02,70.7,70.37
2021-12-24,71.48,71.3,70.89,70.45
2021-12-31,76.06,75.69,75.22,74.68
2022-01-07,77.86,77.48,76.98,76.45
2022-01-14,81.61,81.06,80.31,79.55
2022-01-21,86.11,85.08,84.13,83.19
2022-01-28,85.94,84.69,83.59,82.54
2022-02-04,89.44,87.68,86.25,84.93
2022-02-11,90.66,89.24,87.83,86.51
2022-02-18,92.8,91.16,89.28,87.41
2022-02-25,92.21,90.86,89.06,87.35
2022-03-04,106.62,103.5,99.69,95.98
2022-03-11,113.43,109.96,106.14,102.6
2022-03-18,100.43,98.86,96.58,94.28
2022-03-25,113.01,110.34,107.28,104.04
2022-04-01,103.51,101.51,99.47,97.25
2022-04-08,99.15,98.23,97.32,96.35
2022-04-15,101.52,101.06,100.3,99.32
2022-04-22,103.88,103.17,102.08,100.63
2022-04-29,102.46,101.03,99.42,97.68
2022-05-06,106.68,105.12,103.27,101.32
2022-05-13,105.04,103.46,101.57,99.65
2022-05-20,112.33,109.73,106.75,103.7
2022-05-27,111.91,109.19,106.32,103.69
2022-06-03,116.42,113.79,110.98,108.23
2022-06-10,120.44,118.03,115.37,112.8
2022-06-17,116.46,114.17,111.6,109.14
2022-06-24,107.18,104.89,102.42,100.2
2022-07-01,109.06,106.15,103.2,100.61
2022-07-08,101.39,98.07,94.93,92.2
2022-07-15,97.92,95.15,92.43,90.13
2022-07-22,100.03,97.25,94.6,92.37
2022-07-29,96.8,94.8,93.25,91.77
2022-08-05,91.3,90.2,89.35,88.46
2022-08-12,91.92,91.16,90.42,89.61
2022-08-19,89.06,88.65,88.27,87.78
2022-08-26,92.89,92.52,91.86,91.01
2022-09-02,90.34,89.82,89.07,88.19
2022-09-09,84.79,84.39,83.87,83.26
2022-09-16,86.76,86.35,85.69,84.87
2022-09-23,83.07,82.6,81.86,80.96
2022-09-30,79.62,78.87,77.95,76.92
2022-10-07,87.8,86.8,85.52,84.14
2022-10-14,88.49,87.29,85.98,84.57
2022-10-21,84.97,83.92,82.83,81.67
2022-10-28,86.96,85.8,84.5,83.25
2022-11-04,89.14,88.02,86.72,85.48
2022-11-11,88.39,87.51,86.47,85.43
2022-11-18,84.02,83.58,83.01,82.39
2022-11-25,78.73,78.82,78.76,78.61
2022-12-02,79.44,79.49,79.51,79.41
2022-12-09,73.13,73.32,73.5,73.67
2022-12-16,75.25,75.33,75.41,75.42
2022-12-23,77.32,77.38,77.33,77.15
2022-12-30,79.29,79.42,79.47,79.38
2023-01-06,74.3,74.55,74.75,74.9
2023-01-13,77.08,77.35,77.57,77.72
2023-01-20,80.33,80.63,80.86,80.97
2023-01-27,80.52,80.81,81,80.97
2023-02-03,76.49,76.8,77.03,77.02
2023-02-10,77.5,77.75,77.91,77.9
2023-02-17,78.52,78.74,78.89,78.86
2023-02-24,75.46,75.66,75.75,75.68
2023-03-03,77.65,77.79,77.76,77.54
2023-03-10,77.42,77.54,77.55,77.38
2023-03-17,69.77,69.92,70.02,69.96
2023-03-24,69.42,69.61,69.65,69.53
2023-03-31,73.8,73.94,73.87,73.62
2023-04-07,80.61,80.62,80.33,79.78
2023-04-14,81.84,81.76,81.4,80.81
2023-04-21,79.2,79.21,78.91,78.41
2023-04-28,76.33,76.17,75.81,75.31
2023-05-05,71.16,71.08,70.83,70.44
2023-05-12,72.07,72.02,71.82,71.47
2023-05-19,71.64,71.69,71.56,71.26
2023-05-26,72.75,72.78,72.58,72.23
2023-06-02,69.85,69.97,69.82,69.56
2023-06-09,71.58,71.7,71.54,71.21
2023-06-16,69.44,69.61,69.63,69.49
2023-06-23,70.43,70.67,70.61,70.45
2023-06-30,69.43,69.59,69.61,69.55
2023-07-07,71.81,71.84,71.63,71.36
2023-07-14,75.18,75.06,74.78,74.46
2023-07-21,75.59,75.49,75.26,74.98
2023-07-28,79.56,79.16,78.74,78.29
2023-08-04,81.41,80.94,80.48,80
2023-08-11,83.05,82.48,81.95,81.44
2023-08-18,80.9,80.4,79.97,79.55
2023-08-25,79.77,79.3,78.95,78.59
2023-09-01,82.41,81.84,81.22,80.63
2023-09-08,87.15,86.44,85.62,84.77
2023-09-15,89.12,88.47,87.64,86.75
2023-09-22,90.52,89.48,88.12,86.82
2023-09-29,91.25,89.33,87.59,85.93
2023-10-06,85.47,83.85,82.32,80.99
2023-10-13,85.29,83.79,82.46,81.31
2023-10-20,87.95,86.88,85.66,84.5
2023-10-27,84.67,83.86,83.02,82.24
2023-11-03,81.35,80.93,80.43,79.91
2023-11-10,77.29,77.2,76.98,76.74
